sklep,data_zakupow,suma,skan_paragonu,adres,waluta,opis_waluty,nazwa_produktu,czy_wirtualny,czy_to_oplata,opis_produktu,strona_produktu,jednostka,cena,ilość,rabat,kategoria,czy_na_gwarancji,data_gwarancji,czy_internetowy,strona_internetowa
biedronka,2024-06-05,34.94,,,pln,,cocacolazero,False,False,,,litr,8.69,1.75,0,spożywcze,False,,False,
biedronka,2024-06-05,34.94,,,pln,,mlekouht,False,False,,,litr,3.14,1,0,spożywcze,False,,False,
biedronka,2024-06-05,34.94,,,pln,,makaron gnocci,False,False,,,gram,4.69,500,0,spożywcze,False,,False,
biedronka,2024-06-05,34.94,,,pln,,makaron gnocci,False,False,,,gram,4.69,500,0,spożywcze,False,,False,
biedronka,2024-06-05,34.94,,,pln,,brokuł,False,False,,,gram,5.76,500,0,spożywcze,False,,False,
biedronka,2024-06-05,34.94,,,pln,,śmietana 18%,False,False,,,gram,2.4,200,0.25,spożywcze,False,,False,
biedronka,2024-06-05,34.94,,,pln,,śmietana 18%,False,False,,,gram,2.4,200,0.25,spożywcze,False,,False,
biedronka,2024-06-05,34.94,,,pln,,cebula żółta,False,False,,,gram,0.82,165,0,spożywcze,False,,False,
biedronka,2024-06-05,34.94,,,pln,,mozzarella light,False,False,,,gram,2.85,125,0,spożywcze,False,,False,
kaufland,2024-07-24,30.6,,,pln,,uchwyt rowerowy,False,False,,,sztuka,24.99,1,0,transport,False,,False,
kaufland,2024-07-24,30.6,,,pln,,arbuz,False,False,,,kilogram,4.11,1.65,0.99,spożywcze,False,,False,
kaufland,2024-07-24,30.6,,,pln,,familijne wafle,False,False,,,gram,2.99,180.0,0.5,spożywcze,False,,False,
szubryt,2024-07-27,8.0,,,pln,,szynka wieprzowa,False,False,,,kilogram,8.0,0.2,0,spożywcze,False,,False,
pepco,2024-06-03,31.0,,,pln,,silikonowy uchwyt,False,False,,,sztuka,6.0,1,0,wyposażenie kuchnii,False,,False,
pepco,2024-06-03,31.0,,,pln,,patelnia 24cm,False,False,,,sztuka,25.0,1,0,wyposażenie kuchnii,False,,False,
apteka hygieia,2024-07-27,6.3,,,pln,,paracetamol 500mg,False,False,,,tabletki,6.3,20,0,zdrowie,False,,False,
biedronka,2024-05-31,39.86,,,pln,,napój energetyczy monster,False,False,,,mililitr,5.49,500,0,spożywcze,False,,False,
biedronka,2024-05-31,39.86,,,pln,,lasagne bolognese,False,False,,,gram,10.49,450,0,spożywcze,False,,False,
biedronka,2024-05-31,39.86,,,pln,,ryż biały długoziarnisty,False,False,,,kilogram,3.8,1,0,spożywcze,False,,False,
biedronka,2024-05-31,39.86,,,pln,,majonez go vege,False,False,,,gram,3.89,280,0,spożywcze,False,,False,
biedronka,2024-05-31,39.86,,,pln,,ser gouda,False,False,,,kilogram,6.02,0.252,1.01,spożywcze,False,,False,
biedronka,2024-05-31,39.86,,,pln,,filet z indyka paprykowy kraina wędlin,False,False,,,gram,6.29,100,0,spożywcze,False,,False,
biedronka,2024-05-31,39.86,,,pln,,żel pod prysznic skino,False,False,,,mililitr,4.89,400,0,higiena i kosmetyki,False,,False,
lidl,2024-06-20,29.81,,,pln,,cocacola w puszce,False,False,,,mililitr,1.99,250,0,spożywcze,False,,False,
lidl,2024-06-20,29.81,,,pln,,żel pod prysznic,False,False,,,mililitr,4.99,400,0,higiena i kosmetyki,False,,False,
lidl,2024-06-20,29.81,,,pln,,totrtilla arabska,False,False,,,gram,7.25,250,0,spożywcze,False,,False,
lidl,2024-06-20,29.81,,,pln,,totrtilla arabska,False,False,,,gram,7.25,250,0,spożywcze,False,,False,
lidl,2024-06-20,29.81,,,pln,,chipsy fromage karbowane,False,False,,,gram,5.19,150,0,spożywcze,False,,False,
lidl,2024-06-20,29.81,,,pln,,chleb tostowy pszenny,False,False,,,gram,3.14,500,0,spożywcze,False,,False,
lidl,2024-05-23,19.66,,,pln,,pomidory malinowe,False,False,,,kilogram,3.96,0.264,2.11,spożywcze,False,,False,
lidl,2024-05-23,19.66,,,pln,,ogórki gruntowe,False,False,,,kilogram,2.66,0.266,0.8,spożywcze,False,,False,
lidl,2024-05-23,19.66,,,pln,,jogurt high protein,False,False,,,gram,3.99,200,0,spożywcze,False,,False,
lidl,2024-05-23,19.66,,,pln,,płatki śniadaniowe,False,False,,,gram,3.79,250,0,spożywcze,False,,False,
lidl,2024-05-23,19.66,,,pln,,bułka grahamka,False,False,,,sztuka,0.83,1,0,spożywcze,False,,False,
lidl,2024-05-23,19.66,,,pln,,bułka grahamka,False,False,,,sztuka,0.83,1,0,spożywcze,False,,False,
lidl,2024-05-23,19.66,,,pln,,bułka grahamka,False,False,,,sztuka,0.83,1,0,spożywcze,False,,False,
lidl,2024-05-23,19.66,,,pln,,kefir 2%,False,False,,,gram,2.39,400,0,spożywcze,False,,False,
lidl,2024-05-23,19.66,,,pln,,ser gouda,False,False,,,gram,3.29,150,0,spożywcze,False,,False,
rossmann,2024-06-03,21.98,,,pln,,ziaja yego balsam,False,False,,,sztuka,8.99,1,0,higiena i kosmetyki,False,,False,
rossmann,2024-06-03,21.98,,,pln,,lovely korektor,False,False,,,sztuka,23.99,1,11.0,higiena i kosmetyki,False,,False,
lidl,2024-05-29,22.69,,,pln,,star maczugi,False,False,,,gram,4.49,80,0,spożywcze,False,,False,
lidl,2024-05-29,22.69,,,pln,,płatki śniadaniowe,False,False,,,gram,3.79,250,0,spożywcze,False,,False,
lidl,2024-05-29,22.69,,,pln,,tortilla,False,False,,,gram,5.07,370,0,spożywcze,False,,False,
lidl,2024-05-29,22.69,,,pln,,serek wysokobiałkowy,False,False,,,gram,3.35,200,0,spożywcze,False,,False,
lidl,2024-05-29,22.69,,,pln,,napój energetyczy monster,False,False,,,mililitr,5.99,500,0,spożywcze,False,,False,
kebab byczek,2024-06-10,47.0,,,pln,,kebab duży,False,False,,,sztuka,26.0,1,0,spożywcze,False,,False,
kebab byczek,2024-06-10,47.0,,,pln,,kebab mały,False,False,,,sztuka,21.0,1,0,spożywcze,False,,False,
circle k,2024-06-28,150.72,,,pln,,benzyna 95pb,False,False,,,litr,150.72,23.81,0,transport,False,,False,
biedronka,2024-07-16,1.14,,,pln,,ciabatta,False,False,,,sztuka,1.14,1,0,spożywcze,False,,False,
apteka orchis,2024-07-27,9.99,,,pln,,elektrolity,False,False,,,tabletki,9.99,20,0,zdrowie,False,,False,
stokrotka,2024-07-25,14.15,,,pln,,pepsi,False,False,,,litr,7.79,1.5,0,spożywcze,False,,False,
stokrotka,2024-07-25,14.15,,,pln,,paprykarz szczeciński,False,False,,,gram,4.29,250,0,spożywcze,False,,False,
stokrotka,2024-07-25,14.15,,,pln,,kajzerka z makiem,False,False,,,sztuka,0.69,1,0,spożywcze,False,,False,
stokrotka,2024-07-25,14.15,,,pln,,kajzerka z makiem,False,False,,,sztuka,0.69,1,0,spożywcze,False,,False,
stokrotka,2024-07-25,14.15,,,pln,,kajzerka z makiem,False,False,,,sztuka,0.69,1,0,spożywcze,False,,False,
apteka słoneczna,2024-07-19,99.99,,,pln,,vibin,False,False,,,tabletki,99.99,84,0,zdrowie,False,,False,
żabka,2024-06-12,12.69,,,pln,,snickers,False,False,,,gram,5.7,75,0,spożywcze,False,,False,
żabka,2024-06-12,12.69,,,pln,,napój energetyczy monster,False,False,,,mililitr,6.99,500,0,spożywcze,False,,False,
lidl,2024-07-04,21.72,,,pln,,pieczarki,False,False,,,gram,6.99,500,0,spożywcze,False,,False,
lidl,2024-07-04,21.72,,,pln,,nektarynki,False,False,,,kilogram,5.47,0.304,3.65,spożywcze,False,,False,
lidl,2024-07-04,21.72,,,pln,,czekolada,False,False,,,gram,3.99,100,0,spożywcze,False,,False,
lidl,2024-07-04,21.72,,,pln,,koncentrat pomidorowy,False,False,,,gram,2.59,100,0,spożywcze,False,,False,
lidl,2024-07-04,21.72,,,pln,,tortilla,False,False,,,gram,5.07,370,0,spożywcze,False,,False,
lidl,2024-07-04,21.72,,,pln,,cytryna,False,False,,,kilogram,1.26,0.14,0,spożywcze,False,,False,
action,2024-07-19,44.56,,,pln,,dzwonek rowerowy,False,False,,,sztuka,8.99,1,0,transport,False,,False,
action,2024-07-19,44.56,,,pln,,lampka rowerowa,False,False,,,sztuka,3.99,1,0,transport,False,,False,
action,2024-07-19,44.56,,,pln,,lampka rowerowa,False,False,,,sztuka,3.99,1,0,transport,False,,False,
action,2024-07-19,44.56,,,pln,,zapięcie rowerowe,False,False,,,sztuka,8.89,1,0,transport,False,,False,
action,2024-07-19,44.56,,,pln,,zestaw kluczy rowerowych,False,False,,,sztuka,16.95,1,0,transport,False,,False,
action,2024-07-19,44.56,,,pln,,napój energetyczy,False,False,,,mililitr,1.75,250,0,spożywcze,False,,False,
action,2024-07-06,31.85,,,pln,,słoik do kiszenia,False,False,,,sztuka,19.95,1,0,wyposażenie kuchnii,False,,False,
action,2024-07-06,31.85,,,pln,,żel pod prysznic,False,False,,,mililitr,5.95,450,0,higiena i kosmetyki,False,,False,
action,2024-07-06,31.85,,,pln,,żel pod prysznic umbro,False,False,,,mililitr,5.95,300,0,higiena i kosmetyki,False,,False,
lidl,2024-05-22,7.17,,,pln,,napój energetyczy,False,False,,,mililitr,1.69,250,0,spożywcze,False,,False,
lidl,2024-05-22,7.17,,,pln,,filet z kurczaka wędlina,False,False,,,gram,2.99,75,0,spożywcze,False,,False,
lidl,2024-05-22,7.17,,,pln,,bułka grahamka,False,False,,,sztuka,2.49,1,0,spożywcze,False,,False,
pepco,2024-07-27,34.0,,,pln,,ścierka,False,False,,,sztuka,4.0,1,0,środki czystości,False,,False,
pepco,2024-07-27,34.0,,,pln,,biustonosz,False,False,,,sztuka,15.0,1,0,ubrania i garderoba,False,,False,
pepco,2024-07-27,34.0,,,pln,,blacha do pieczenia,False,False,,,sztuka,15.0,1,0,wyposażenie kuchnii,False,,False,
lidl,2024-07-27,81.07,,,pln,,woda,False,False,,,zgrzewka (6x1.5l),10.14,1,3.06,spożywcze,False,,False,
lidl,2024-07-27,81.07,,,pln,,papryka czerwona,False,False,,,kilogram,4.35,0.29,2.4,spożywcze,False,,False,
lidl,2024-07-27,81.07,,,pln,,papryka czerwona,False,False,,,kilogram,3.63,0.242,2.0,spożywcze,False,,False,
lidl,2024-07-27,81.07,,,pln,,śliwki niebieskie,False,False,,,kilogram,3.22,0.358,1.61,spożywcze,False,,False,
lidl,2024-07-27,81.07,,,pln,,mąka tortowa,False,False,,,kilogram,2.29,1,0.23,spożywcze,False,,False,
lidl,2024-07-27,81.07,,,pln,,marchew młoda,False,False,,,kilogram,0.44,0.088,0.04,spożywcze,False,,False,
lidl,2024-07-27,81.07,,,pln,,papier toaletowy,False,False,,,sztuka,3.59,1,0,higiena i kosmetyki,False,,False,
lidl,2024-07-27,81.07,,,pln,,papier toaletowy,False,False,,,sztuka,3.59,1,0,higiena i kosmetyki,False,,False,
lidl,2024-07-27,81.07,,,pln,,papier toaletowy,False,False,,,sztuka,3.59,1,0,higiena i kosmetyki,False,,False,
lidl,2024-07-27,81.07,,,pln,,mięso mielone z piersi kurczaka,False,False,,,gram,9.99,400,0,spożywcze,False,,False,
lidl,2024-07-27,81.07,,,pln,,ananas w puszce,False,False,,,gram,5.99,567,0,spożywcze,False,,False,
lidl,2024-07-27,81.07,,,pln,,bella podpaski,False,False,,,sztuka,7.49,1,0,higiena i kosmetyki,False,,False,
lidl,2024-07-27,81.07,,,pln,,papryka jalapenos,False,False,,,gram,3.99,350,0,spożywcze,False,,False,
lidl,2024-07-27,81.07,,,pln,,seler wiórki,False,False,,,sztuka,3.99,1,0,spożywcze,False,,False,
lidl,2024-07-27,81.07,,,pln,,chusteczki higieniczne,False,False,,,sztuka,3.99,1,0,higiena i kosmetyki,False,,False,
lidl,2024-07-27,81.07,,,pln,,chusteczki higieniczne,False,False,,,sztuka,3.99,1,0,higiena i kosmetyki,False,,False,
lidl,2024-07-27,81.07,,,pln,,serek twarogowy,False,False,,,gram,3.74,150,0,spożywcze,False,,False,
lidl,2024-07-27,81.07,,,pln,,masło,False,False,,,gram,5.99,170,0,spożywcze,False,,False,
lidl,2024-07-27,81.07,,,pln,,chleb tostowy pszenny,False,False,,,kilogram,2.99,0.5,0,spożywcze,False,,False,
lidl,2024-07-27,81.07,,,pln,,makaron spaghetti,False,False,,,gram,3.42,500,0,spożywcze,False,,False,
lidl,2024-06-01,41.95,,,pln,,lód rożek,False,False,,,mililitr,1.29,120,0.65,spożywcze,False,,False,
lidl,2024-06-01,41.95,,,pln,,lód rożek,False,False,,,mililitr,1.29,120,0.65,spożywcze,False,,False,
lidl,2024-06-01,41.95,,,pln,,lód rożek,False,False,,,mililitr,1.29,120,0.65,spożywcze,False,,False,
lidl,2024-06-01,41.95,,,pln,,lód rożek,False,False,,,mililitr,1.29,120,0.65,spożywcze,False,,False,
lidl,2024-06-01,41.95,,,pln,,woda,False,False,,,zgrzewka (6x1.5l),10.14,1,0,spożywcze,False,,False,
lidl,2024-06-01,41.95,,,pln,,czekolada,False,False,,,gram,3.99,100,0,spożywcze,False,,False,
lidl,2024-06-01,41.95,,,pln,,chrupki cheetos,False,False,,,gram,5.99,150,0,spożywcze,False,,False,
lidl,2024-06-01,41.95,,,pln,,płatki śniadaniowe,False,False,,,gram,3.79,250,0,spożywcze,False,,False,
lidl,2024-06-01,41.95,,,pln,,ketchup roleski,False,False,,,gram,6.99,425,0,spożywcze,False,,False,
lidl,2024-06-01,41.95,,,pln,,ser twardy,False,False,,,gram,8.49,150,0,spożywcze,False,,False,
action,2024-06-28,51.77,,,pln,,zupka chińska,False,False,,,gram,0.99,65,0,spożywcze,False,,False,
action,2024-06-28,51.77,,,pln,,płyn do spryskiwaczy,False,False,,,litr,8.99,5,0,transport,False,,False,
action,2024-06-28,51.77,,,pln,,zupka chińska,False,False,,,gram,0.99,65,0,spożywcze,False,,False,
action,2024-06-28,51.77,,,pln,,zupka chińska,False,False,,,gram,0.99,65,0,spożywcze,False,,False,
action,2024-06-28,51.77,,,pln,,płatki do demakijażu,False,False,,,sztuka (x50),3.25,1,0,higiena i kosmetyki,False,,False,
action,2024-06-28,51.77,,,pln,,worki na śmieci,False,False,,,sztuka (x20),4.96,1,0,środki czystości,False,,False,
action,2024-06-28,51.77,,,pln,,żel do golenia gillette,False,False,,,mililitr,13.95,240,0,higiena i kosmetyki,False,,False,
action,2024-06-28,51.77,,,pln,,linka na pranie,False,False,,,metr,2.99,20,0,inne,False,,False,
action,2024-06-28,51.77,,,pln,,zupka chińska pikantna,False,False,,,gram,2.19,65,0,spożywcze,False,,False,
action,2024-06-28,51.77,,,pln,,worki na śmieci,False,False,,,sztuka (x30),1.99,1,0,środki czystości,False,,False,
action,2024-06-28,51.77,,,pln,,worki na śmieci,False,False,,,sztuka (x30),1.99,1,0,środki czystości,False,,False,
action,2024-06-28,51.77,,,pln,,antyperperant nivea,False,False,,,mililitr,8.49,150,0,higiena i kosmetyki,False,,False,
merida polska,2024-07-24,42.0,,,pln,,łańcuch shimano,False,False,,,sztuka,42.0,1,0,transport,False,,False,
stokrotka,2024-07-27,6.01,,,pln,,bułka kajzerka,False,False,,,sztuka,0.35,1,0,spożywcze,False,,False,
stokrotka,2024-07-27,6.01,,,pln,,bułka kajzerka,False,False,,,sztuka,0.35,1,0,spożywcze,False,,False,
stokrotka,2024-07-27,6.01,,,pln,,bułka kajzerka,False,False,,,sztuka,0.35,1,0,spożywcze,False,,False,
stokrotka,2024-07-27,6.01,,,pln,,bułka kajzerka,False,False,,,sztuka,0.35,1,0,spożywcze,False,,False,
stokrotka,2024-07-27,6.01,,,pln,,ser gouda,False,False,,,kilogram,4.61,0.244,0,spożywcze,False,,False,
biedronka,2024-07-23,27.95,,,pln,,warzywa na patelnie mroźna kraina,False,False,,,gram,4.95,1,0.99,spożywcze,False,,False,
biedronka,2024-07-23,27.95,,,pln,,warzywa na patelnie mroźna kraina,False,False,,,gram,4.95,1,0.99,spożywcze,False,,False,
biedronka,2024-07-23,27.95,,,pln,,paluszki beskidzkie,False,False,,,gram,4.69,180,0,spożywcze,False,,False,
biedronka,2024-07-23,27.95,,,pln,,jogurt naturalny,False,False,,,gram,0.95,190,0,spożywcze,False,,False,
biedronka,2024-07-23,27.95,,,pln,,banany,False,False,,,kilogram,2.41,0.345,0,spożywcze,False,,False,
biedronka,2024-07-23,27.95,,,pln,,spray do czyszczenia kurzu mr magic,False,False,,,mililitr,5.49,300,0,środki czystości,False,,False,
biedronka,2024-07-23,27.95,,,pln,,ketchup roleski,False,False,,,gram,6.49,465,0,spożywcze,False,,False,
biedronka,2024-06-26,21.58,,,pln,,chleb tostowy pszenny,False,False,,,gram,2.99,500,0,spożywcze,False,,False,
biedronka,2024-06-26,21.58,,,pln,,filet z kurczaka wędlina,False,False,,,gram,3.99,100,0,spożywcze,False,,False,
biedronka,2024-06-26,21.58,,,pln,,ser gouda,False,False,,,kilogram,6.32,0.276,1.1,spożywcze,False,,False,
biedronka,2024-06-26,21.58,,,pln,,zapiekanka,False,False,,,gram,4.69,236,0,spożywcze,False,,False,
biedronka,2024-06-26,21.58,,,pln,,zapiekanka,False,False,,,gram,4.69,236,0,spożywcze,False,,False,
lidl,2024-08-01,6.38,,,pln,,oshee napój vitamin,False,False,,,litr,5.49,1,0,spożywcze,False,,False,
lidl,2024-08-01,6.38,,,pln,,ziemniaki wczesne,False,False,,,kilogram,0.89,0.446,0,spożywcze,False,,False,
biedronka,2024-05-25,41.6,,,pln,,chleb tostowy pszenny,False,False,,,gram,3.14,500,0,spożywcze,False,,False,
biedronka,2024-05-25,41.6,,,pln,,ser gouda,False,False,,,kilogram,7.65,0.306,0,spożywcze,False,,False,
biedronka,2024-05-25,41.6,,,pln,,jajka ściółkowe,False,False,,,sztuka (x10),8.99,1,2.25,spożywcze,False,,False,
biedronka,2024-05-25,41.6,,,pln,,jajka ściółkowe,False,False,,,sztuka (x10),8.99,1,2.25,spożywcze,False,,False,
biedronka,2024-05-25,41.6,,,pln,,mięso mielone wołowe,False,False,,,gram,12.79,400,2.3,spożywcze,False,,False,
biedronka,2024-05-25,41.6,,,pln,,bułka poranna,False,False,,,sztuka,0.99,1,0,spożywcze,False,,False,
biedronka,2024-05-25,41.6,,,pln,,bułka poranna,False,False,,,sztuka,0.99,1,0,spożywcze,False,,False,
biedronka,2024-05-25,41.6,,,pln,,cebula żółta,False,False,,,gram,0.74,0.19,0,spożywcze,False,,False,
biedronka,2024-05-25,41.6,,,pln,,arbuz,False,False,,,kilogram,8.25,1.18,4.13,spożywcze,False,,False,
biedronka,2024-06-01,62.13,,,pln,,frytki karbowane,False,False,,,kilogram,19.95,2.5,0,spożywcze,False,,False,
biedronka,2024-06-01,62.13,,,pln,,ręcznik papierowy,False,False,,,metr,11.99,100,0,środki czystości,False,,False,
biedronka,2024-06-01,62.13,,,pln,,piwo tyskie,False,False,,,mililitr,5.79,650,0,używki,False,,False,
biedronka,2024-06-01,62.13,,,pln,,szpinak myty,False,False,,,gram,5.99,200,0,spożywcze,False,,False,
biedronka,2024-06-01,62.13,,,pln,,papryka czerwona,False,False,,,kilogram,6.9,0.46,1.84,spożywcze,False,,False,
biedronka,2024-06-01,62.13,,,pln,,cebula żółta,False,False,,,kilogram,1.17,0.225,0,spożywcze,False,,False,
biedronka,2024-06-01,62.13,,,pln,,czosnek,False,False,,,sztuka,1.98,1,0,spożywcze,False,,False,
biedronka,2024-06-01,62.13,,,pln,,bakłażan,False,False,,,kilogram,3.12,0.26,1.56,spożywcze,False,,False,
biedronka,2024-06-01,62.13,,,pln,,arbuz,False,False,,,kilogram,10.03,1.435,5.74,spożywcze,False,,False,
biedronka,2024-06-01,62.13,,,pln,,pudding proteinowy,False,False,,,gram,4.35,200,0,spożywcze,False,,False,
auchan,2024-07-13,16.4,,,pln,,mąka tortowa,False,False,,,kilogram,2.59,1,0,spożywcze,False,,False,
auchan,2024-07-13,16.4,,,pln,,jogurt naturalny (bez laktozy),False,False,,,gram,1.07,180,0,spożywcze,False,,False,
auchan,2024-07-13,16.4,,,pln,,ser twardy,False,False,,,gram,2.99,40,0,spożywcze,False,,False,
auchan,2024-07-13,16.4,,,pln,,chipsy,False,False,,,gram,4.79,140,1.02,spożywcze,False,,False,
auchan,2024-07-13,16.4,,,pln,,masło,False,False,,,gram,5.98,200,0,spożywcze,False,,False,
biedronka,2024-07-17,12.86,,,pln,,pomidory malinowe,False,False,,,kilogram,2.0,0.2,1.1,spożywcze,False,,False,
biedronka,2024-07-17,12.86,,,pln,,bułka wrocławska,False,False,,,sztuka,1.09,1,0,spożywcze,False,,False,
biedronka,2024-07-17,12.86,,,pln,,bułka wrocławska,False,False,,,sztuka,1.09,1,0,spożywcze,False,,False,
biedronka,2024-07-17,12.86,,,pln,,kabanosy tarczyński,False,False,,,gram,6.45,90,1.56,spożywcze,False,,False,
biedronka,2024-07-17,12.86,,,pln,,kabanosy tarczyński,False,False,,,gram,6.45,90,1.56,spożywcze,False,,False,
lidl,2024-06-11,43.2,,,pln,,napój energetyczy monster,False,False,,,mililitr,4.99,500,0,spożywcze,False,,False,
lidl,2024-06-11,43.2,,,pln,,filet z piersi kurczaka,False,False,,,kilogram,11.04,0.581,0,spożywcze,False,,False,
lidl,2024-06-11,43.2,,,pln,,ser gouda,False,False,,,gram,4.29,150,0,spożywcze,False,,False,
lidl,2024-06-11,43.2,,,pln,,sos sojowy,False,False,,,mililitr,10.99,625,0,spożywcze,False,,False,
lidl,2024-06-11,43.2,,,pln,,makaron ryżowy,False,False,,,gram,6.29,200,0,spożywcze,False,,False,
lidl,2024-06-11,43.2,,,pln,,marchew młoda,False,False,,,kilogram,0.78,0.112,0,spożywcze,False,,False,
lidl,2024-06-11,43.2,,,pln,,cebula żółta,False,False,,,kilogram,0.63,0.122,0,spożywcze,False,,False,
lidl,2024-06-11,43.2,,,pln,,chleb włoski,False,False,,,sztuka,4.19,1,0,spożywcze,False,,False,
apteka orchis,2024-06-25,25.98,,,pln,,ortanol max,False,False,,,tabletki,12.99,14,0,zdrowie,False,,False,
apteka orchis,2024-06-25,25.98,,,pln,,prezerwatywy durex,False,False,,,sztuka (x3),12.99,1,0,zdrowie,False,,False,
sinsay,2024-06-26,30.0,,,pln,,szorty damskie,False,False,,,sztuka,39.99,1,10.0,ubrania i garderoba,False,,False,
sinsay,2024-06-26,30.0,,,pln,,torba papierowa,False,False,,,sztuka,1.0,1,0.99,inne,False,,False,
rossmann,2024-06-26,30.38,,,pln,,szampon do włosów isana,False,False,,,mililitr,6.39,300,0,higiena i kosmetyki,False,,False,
rossmann,2024-06-26,30.38,,,pln,,podkład eveline satin mat,False,False,,,mililitr,23.99,30,0,higiena i kosmetyki,False,,False,
action,2024-05-02,5.99,,,pln,,spray do czyszczenia łazienki odkamieniający,False,False,,,mililitr,5.99,750,0,środki czystości,False,,False,
biedronka,2024-05-02,19.46,,,pln,,wino musujące michel,False,False,,,mililitr,9.49,750,0,używki,False,,False,
biedronka,2024-05-02,19.46,,,pln,,boczek krojony morliny,False,False,,,gram,5.99,150,0,spożywcze,False,,False,
biedronka,2024-05-02,19.46,,,pln,,pieprz kamis,False,False,,,gram,1.99,16,0,spożywcze,False,,False,
biedronka,2024-05-02,19.46,,,pln,,pieprz kamis,False,False,,,gram,1.99,16,0,spożywcze,False,,False,
biedronka,2024-05-15,26.19,,,pln,,chusteczki higieniczne,False,False,,,sztuka,3.99,1,0,higiena i kosmetyki,False,,False,
biedronka,2024-05-15,26.19,,,pln,,pieczarki,False,False,,,gram,6.95,500,1.96,spożywcze,False,,False,
biedronka,2024-05-15,26.19,,,pln,,ketchup roleski,False,False,,,gram,6.49,465,0,spożywcze,False,,False,
biedronka,2024-05-15,26.19,,,pln,,filet z kurczaka wędlina,False,False,,,gram,3.99,100,0,spożywcze,False,,False,
biedronka,2024-05-15,26.19,,,pln,,półbagietka,False,False,,,sztuka,1.25,1,0,spożywcze,False,,False,
biedronka,2024-05-15,26.19,,,pln,,bułka grahamka,False,False,,,sztuka,0.83,1,0,spożywcze,False,,False,
biedronka,2024-05-15,26.19,,,pln,,bułka grahamka,False,False,,,sztuka,0.83,1,0,spożywcze,False,,False,
biedronka,2024-05-15,26.19,,,pln,,bułka grahamka,False,False,,,sztuka,0.83,1,0,spożywcze,False,,False,
biedronka,2024-05-15,26.19,,,pln,,bagietka,False,False,,,sztuka,2.99,1,0,spożywcze,False,,False,
stokrotka,2024-05-04,6.21,,,pln,,ser gouda,False,False,,,kilogram,3.42,0.172,0,spożywcze,False,,False,
stokrotka,2024-05-04,6.21,,,pln,,śmietana 18%,False,False,,,gram,2.79,200,0,spożywcze,False,,False,
biedronka,2024-05-25,13.9,,,pln,,por,False,False,,,kilogram,2.0,0.2,0,spożywcze,False,,False,
biedronka,2024-05-25,13.9,,,pln,,żelki kółka,False,False,,,gram,4.39,200,0,spożywcze,False,,False,
biedronka,2024-05-25,13.9,,,pln,,makaron gnocci,False,False,,,gram,4.69,500,0,spożywcze,False,,False,
biedronka,2024-05-25,13.9,,,pln,,pomidory papryczkowe,False,False,,,kilogram,5.4,0.235,2.58,spożywcze,False,,False,
orlen,2024-08-02,260.93,,,pln,,benzyna 95pb,False,False,,,litr,281.04,44.68,20.11,transport,False,,False,
biedronka,2024-08-03,30.14,,,pln,,zapiekanka,False,False,,,gram,4.89,236,0,spożywcze,False,,False,
biedronka,2024-08-03,30.14,,,pln,,zapiekanka,False,False,,,gram,4.89,236,0,spożywcze,False,,False,
biedronka,2024-08-03,30.14,,,pln,,herbata zielona lipton,False,False,,,torebki,8.99,20,0,spożywcze,False,,False,
biedronka,2024-08-03,30.14,,,pln,,napój kawowy,False,False,,,mililitr,3.19,230,0,spożywcze,False,,False,
biedronka,2024-08-03,30.14,,,pln,,napój kawowy,False,False,,,mililitr,3.19,230,0,spożywcze,False,,False,
biedronka,2024-08-03,30.14,,,pln,,ser edamski,False,False,,,gram,4.99,150,0,spożywcze,False,,False,
lidl,2024-07-25,33.86,,Witosa 4 30-612 Kraków,pln,,pieczarki,False,False,,,gram,6.99,500,3.5,spożywcze,False,,False,
lidl,2024-07-25,33.86,,Witosa 4 30-612 Kraków,pln,,winmgrono jasne,False,False,,,kilogram,7.41,0.494,3.46,spożywcze,False,,False,
lidl,2024-07-25,33.86,,Witosa 4 30-612 Kraków,pln,,śliwki niebieskie,False,False,,,kilogram,2.63,0.292,1.17,spożywcze,False,,False,
lidl,2024-07-25,33.86,,Witosa 4 30-612 Kraków,pln,,kukurydza konserwowa,False,False,,,gram,3.99,340,0,spożywcze,False,,False,
lidl,2024-07-25,33.86,,Witosa 4 30-612 Kraków,pln,,ananas w puszce,False,False,,,gram,5.99,567,0,spożywcze,False,,False,
lidl,2024-07-25,33.86,,Witosa 4 30-612 Kraków,pln,,oshee napój vitamin,False,False,,,litr,5.49,1,0,spożywcze,False,,False,
lidl,2024-07-25,33.86,,Witosa 4 30-612 Kraków,pln,,szynka wieprzowa,False,False,,,gram,5.83,80,0,spożywcze,False,,False,
lidl,2024-07-25,33.86,,Witosa 4 30-612 Kraków,pln,,wafle kukurydziane smakowe,False,False,,,gram,3.66,120,0,spożywcze,False,,False,
żabka,2024-07-26,28.09,,Meiselsa Beera 20/01 31-058 Kraków,pln,,kubek z lodem,False,False,,,gram,3.99,130,0.69,spożywcze,False,,False,
żabka,2024-07-26,28.09,,Meiselsa Beera 20/01 31-058 Kraków,pln,,kubek z lodem,False,False,,,gram,3.99,130,0.69,spożywcze,False,,False,
żabka,2024-07-26,28.09,,Meiselsa Beera 20/01 31-058 Kraków,pln,,cocacola,False,False,,,litr,5.5,0.5,0,spożywcze,False,,False,
żabka,2024-07-26,28.09,,Meiselsa Beera 20/01 31-058 Kraków,pln,,wódka lubelska wiśniowa,False,False,,,litr,15.99,0.2,0,używki,False,,False,
biedronka,2024-08-05,56.87,,,pln,,spray do czyszczenia łazienki odkamieniający,False,False,,,mililitr,6.99,750,0,środki czystości,False,,False,
biedronka,2024-08-05,56.87,,,pln,,chusteczki higieniczne,False,False,,,sztuka,3.99,1,0,higiena i kosmetyki,False,,False,
biedronka,2024-08-05,56.87,,,pln,,mięso mielone z indyka,False,False,,,gram,11.99,400,3.0,spożywcze,False,,False,
biedronka,2024-08-05,56.87,,,pln,,sos sriracha,False,False,,,gram,4.49,180,0,spożywcze,False,,False,
biedronka,2024-08-05,56.87,,,pln,,makaron spaghetti,False,False,,,gram,3.42,500,0,spożywcze,False,,False,
biedronka,2024-08-05,56.87,,,pln,,makaron spaghetti,False,False,,,gram,3.42,500,0,spożywcze,False,,False,
biedronka,2024-08-05,56.87,,,pln,,mlekouht,False,False,,,litr,3.14,1,0,spożywcze,False,,False,
biedronka,2024-08-05,56.87,,,pln,,ser edamski,False,False,,,gram,4.99,150,0,spożywcze,False,,False,
biedronka,2024-08-05,56.87,,,pln,,filet z kurczaka wędlina,False,False,,,gram,3.99,100,0,spożywcze,False,,False,
biedronka,2024-08-05,56.87,,,pln,,marchew,False,False,,,kilogram,0.66,0.165,0.33,spożywcze,False,,False,
biedronka,2024-08-05,56.87,,,pln,,chusteczki higieniczne,False,False,,,sztuka,3.99,1,0,higiena i kosmetyki,False,,False,
biedronka,2024-08-05,56.87,,,pln,,chleb tostowy pszenny,False,False,,,gram,3.14,500,0,spożywcze,False,,False,
biedronka,2024-08-05,56.87,,,pln,,ciastka,False,False,,,gram,5.99,210,0,spożywcze,False,,False,
biedronka,2024-06-04,31.25,,,pln,,bułka grahamka,False,False,,,sztuka,0.79,1,0,spożywcze,False,,False,
biedronka,2024-06-04,31.25,,,pln,,bułka grahamka,False,False,,,sztuka,0.79,1,0,spożywcze,False,,False,
biedronka,2024-06-04,31.25,,,pln,,ser podlaski,False,False,,,kilogram,9.52,0.304,4.08,spożywcze,False,,False,
biedronka,2024-06-04,31.25,,,pln,,banany,False,False,,,kilogram,3.58,0.515,0,spożywcze,False,,False,
biedronka,2024-06-04,31.25,,,pln,,ogórki szklarniowe,False,False,,,kilogram,2.45,0.245,1.23,spożywcze,False,,False,
biedronka,2024-06-04,31.25,,,pln,,kaszka proteinowa,False,False,,,gram,4.45,200,0,spożywcze,False,,False,
biedronka,2024-06-04,31.25,,,pln,,papier toaletowy (8 rolek),False,False,,,sztuka,8.99,1,1.5,higiena i kosmetyki,False,,False,
biedronka,2024-06-04,31.25,,,pln,,papier toaletowy (8 rolek),False,False,,,sztuka,8.99,1,1.5,higiena i kosmetyki,False,,False,
stokrotka,2024-05-07,12.45,,,pln,,bułka kajzerka siemię lniane,False,False,,,sztuka,0.99,1,0,spożywcze,False,,False,
stokrotka,2024-05-07,12.45,,,pln,,bułka kajzerka siemię lniane,False,False,,,sztuka,0.99,1,0,spożywcze,False,,False,
stokrotka,2024-05-07,12.45,,,pln,,bułka kajzerka siemię lniane,False,False,,,sztuka,0.99,1,0,spożywcze,False,,False,
stokrotka,2024-05-07,12.45,,,pln,,zupka chińska,False,False,,,sztuka,2.79,1,0,spożywcze,False,,False,
stokrotka,2024-05-07,12.45,,,pln,,zupka chińska,False,False,,,sztuka,2.79,1,0,spożywcze,False,,False,
stokrotka,2024-05-07,12.45,,,pln,,ser gouda,False,False,,,kilogram,3.9,0.196,0,spożywcze,False,,False,
biedronka,2024-07-30,35.73,,,pln,,napój fuze tea,False,False,,,litr,4.99,1.5,0,spożywcze,False,,False,
biedronka,2024-07-30,35.73,,,pln,,śmietana 30%,False,False,,,gram,4.13,200,0,spożywcze,False,,False,
biedronka,2024-07-30,35.73,,,pln,,filet z kurczaka wędlina,False,False,,,gram,3.99,100,0,spożywcze,False,,False,
biedronka,2024-07-30,35.73,,,pln,,boczek krojony morliny,False,False,,,gram,6.78,130,0,spożywcze,False,,False,
biedronka,2024-07-30,35.73,,,pln,,ser twardy grana padano,False,False,,,gram,8.25,100,0,spożywcze,False,,False,
biedronka,2024-07-30,35.73,,,pln,,ser gouda,False,False,,,gram,4.45,150,0,spożywcze,False,,False,
biedronka,2024-07-30,35.73,,,pln,,chleb tostowy pszenny,False,False,,,gram,3.14,500,0,spożywcze,False,,False,
biedronka,2024-08-06,20.92,,,pln,,chusteczki do sprzątania mr magic,False,False,,,sztuka,6.49,1,0,środki czystości,False,,False,
biedronka,2024-08-06,20.92,,,pln,,chipsy topchips w tubie,False,False,,,gram,4.99,100,0,spożywcze,False,,False,
biedronka,2024-08-06,20.92,,,pln,,ser gouda,False,False,,,gram,4.45,150,0,spożywcze,False,,False,
biedronka,2024-08-06,20.92,,,pln,,żel pod prysznic skino,False,False,,,mililitr,4.99,400,0,higiena i kosmetyki,False,,False,
biedronka,2024-07-27,31.77,,,pln,,oshee napój vitamin,False,False,,,litr,3.99,1,0,spożywcze,False,,False,
biedronka,2024-07-27,31.77,,,pln,,chipsy tortilla topchips,False,False,,,gram,3.89,150,0,spożywcze,False,,False,
biedronka,2024-07-27,31.77,,,pln,,jajka ściółkowe,False,False,,,sztuka (x10),8.99,1,0,spożywcze,False,,False,
biedronka,2024-07-27,31.77,,,pln,,cukier puder,False,False,,,gram,2.99,500,0,spożywcze,False,,False,
biedronka,2024-07-27,31.77,,,pln,,napój kawowy,False,False,,,mililitr,3.19,230,0,spożywcze,False,,False,
biedronka,2024-07-27,31.77,,,pln,,majonez dekoracyjny winiary,False,False,,,mililitr,5.99,250,0,spożywcze,False,,False,
biedronka,2024-07-27,31.77,,,pln,,brzoskwinie paraguayo,False,False,,,kilogram,6.63,0.39,3.9,spożywcze,False,,False,
biedronka,2024-07-22,33.89,,,pln,,cola oryginal zero,False,False,,,litr,3.99,1.5,0,spożywcze,False,,False,
biedronka,2024-07-22,33.89,,,pln,,płyn do mycia szyb mr magic,False,False,,,mililitr,4.99,750,0,środki czystości,False,,False,
biedronka,2024-07-22,33.89,,,pln,,jogurt naturalny,False,False,,,gram,2.25,180,0,spożywcze,False,,False,
biedronka,2024-07-22,33.89,,,pln,,cebula czerwona,False,False,,,kilogram,0.94,0.135,0,spożywcze,False,,False,
biedronka,2024-07-22,33.89,,,pln,,pieprz kamis,False,False,,,gram,1.99,13,0,spożywcze,False,,False,
biedronka,2024-07-22,33.89,,,pln,,czosnek,False,False,,,sztuka,1.75,1,0,spożywcze,False,,False,
biedronka,2024-07-22,33.89,,,pln,,ręcznik papierowy,False,False,,,sztuka,11.99,1,3.0,środki czystości,False,,False,
biedronka,2024-07-22,33.89,,,pln,,ręcznik papierowy,False,False,,,sztuka,11.99,1,3.0,środki czystości,False,,False,
biedronka,2024-07-02,85.81,,,pln,,oliwa z oliwek,False,False,,,mililitr,29.99,500,0,spożywcze,False,,False,
biedronka,2024-07-02,85.81,,,pln,,cebula dymka,False,False,,,sztuka,2.99,1,0,spożywcze,False,,False,
biedronka,2024-07-02,85.81,,,pln,,śmietana 18% mleczna dolina,False,False,,,gram,3.19,330,0,spożywcze,False,,False,
biedronka,2024-07-02,85.81,,,pln,,mięso mielone z indyka,False,False,,,gram,11.99,400,3.0,spożywcze,False,,False,
biedronka,2024-07-02,85.81,,,pln,,ser sałatkowy,False,False,,,gram,5.09,270,1.1,spożywcze,False,,False,
biedronka,2024-07-02,85.81,,,pln,,ser sałatkowy,False,False,,,gram,5.09,270,1.1,spożywcze,False,,False,
biedronka,2024-07-02,85.81,,,pln,,zupka chińska,False,False,,,gram,1.25,60,0,spożywcze,False,,False,
biedronka,2024-07-02,85.81,,,pln,,zupka chińska,False,False,,,gram,1.25,60,0,spożywcze,False,,False,
biedronka,2024-07-02,85.81,,,pln,,papryka czerwona,False,False,,,kilogram,6.2,0.415,2.47,spożywcze,False,,False,
biedronka,2024-07-02,85.81,,,pln,,jogurt wegański kokosowy,False,False,,,gram,2.99,150,0,spożywcze,False,,False,
biedronka,2024-07-02,85.81,,,pln,,kabanosy tarczyński (pikantne),False,False,,,gram,6.99,90,0,spożywcze,False,,False,
biedronka,2024-07-02,85.81,,,pln,,makaron gnocci,False,False,,,gram,4.69,500,0,spożywcze,False,,False,
biedronka,2024-07-02,85.81,,,pln,,ogórki gruntowe,False,False,,,kilogram,2.6,0.26,1.56,spożywcze,False,,False,
biedronka,2024-07-02,85.81,,,pln,,oliwki zielone,False,False,,,gram,4.49,170,0,spożywcze,False,,False,
biedronka,2024-07-02,85.81,,,pln,,półbagietka,False,False,,,sztuka,1.25,1,0,spożywcze,False,,False,
biedronka,2024-07-02,85.81,,,pln,,chipsy pieczony kurczak topchips,False,False,,,gram,4.99,150,0,spożywcze,False,,False,
biedronka,2024-05-02,167.7,,,pln,,woda,False,False,,,litr,0.75,0.5,0,spożywcze,False,,False,
biedronka,2024-05-02,167.7,,,pln,,papier toaletowy (8 rolek),False,False,,,sztuka,8.99,1,0,higiena i kosmetyki,False,,False,
biedronka,2024-05-02,167.7,,,pln,,ręcznik papierowy,False,False,,,sztuka,11.99,1,0,środki czystości,False,,False,
biedronka,2024-05-02,167.7,,,pln,,kapsułki finish do zmywarki,False,False,,,tabletki,69.99,70,0,środki czystości,False,,False,
biedronka,2024-05-02,167.7,,,pln,,kapsułki ariel do prania,False,False,,,tabletki,69.99,63,0,środki czystości,False,,False,
biedronka,2024-05-02,167.7,,,pln,,napój energetyczy monster,False,False,,,mililitr,5.99,500,0,spożywcze,False,,False,
auchan,2024-05-18,57.41,,,pln,,pizza mrożona,False,False,,,gram,9.29,390,0,spożywcze,False,,False,
auchan,2024-05-18,57.41,,,pln,,pizza mrożona,False,False,,,gram,9.29,390,0,spożywcze,False,,False,
auchan,2024-05-18,57.41,,,pln,,ser twardy,False,False,,,gram,2.99,40,0,spożywcze,False,,False,
auchan,2024-05-18,57.41,,,pln,,ser twardy,False,False,,,gram,2.99,40,0,spożywcze,False,,False,
auchan,2024-05-18,57.41,,,pln,,uchywt na telefon do samochodu,False,False,,,sztuka,15.99,1,0,transport,False,,False,
auchan,2024-05-18,57.41,,,pln,,serek kanapkowy z pomidorami suszonymi,False,False,,,gram,3.09,135,0,spożywcze,False,,False,
auchan,2024-05-18,57.41,,,pln,,napój energetyczy,False,False,,,mililitr,2.98,250,0,spożywcze,False,,False,
auchan,2024-05-18,57.41,,,pln,,chrupki maczugi,False,False,,,gram,3.98,80,0,spożywcze,False,,False,
auchan,2024-05-18,57.41,,,pln,,śmietana 18%,False,False,,,gram,2.12,180,0,spożywcze,False,,False,
auchan,2024-05-18,57.41,,,pln,,chleb kukurydziany,False,False,,,sztuka,4.69,1,0,spożywcze,False,,False,
pepco,2024-07-03,5.0,,,pln,,spryskiwacz 0.5l,False,False,,,sztuka,5.0,1,0,środki czystości,False,,False,
pepco,2024-05-08,26.0,,,pln,,ścierka kuchenna,False,False,,,sztuka,6.0,1,0,wyposażenie kuchnii,False,,False,
pepco,2024-05-08,26.0,,,pln,,talerz deserowy,False,False,,,sztuka,3.0,1,0,wyposażenie kuchnii,False,,False,
pepco,2024-05-08,26.0,,,pln,,talerz deserowy,False,False,,,sztuka,3.0,1,0,wyposażenie kuchnii,False,,False,
pepco,2024-05-08,26.0,,,pln,,talerz deserowy,False,False,,,sztuka,3.0,1,0,wyposażenie kuchnii,False,,False,
pepco,2024-05-08,26.0,,,pln,,talerz deserowy,False,False,,,sztuka,3.0,1,0,wyposażenie kuchnii,False,,False,
pepco,2024-05-08,26.0,,,pln,,talerz płytki,False,False,,,sztuka,4.0,1,0,wyposażenie kuchnii,False,,False,
pepco,2024-05-08,26.0,,,pln,,talerz płytki,False,False,,,sztuka,4.0,1,0,wyposażenie kuchnii,False,,False,
primark,2024-06-06,22.0,,,pln,,skarpety sportowe,False,False,,,sztuka (x3),22.0,1,0,ubrania i garderoba,False,,False,
dealz,2024-05-04,6.5,,,pln,,spritezero,False,False,,,litr,6.5,1,0,spożywcze,False,,False,
dealz,2024-05-04,8.0,,,pln,,kieliszki do wina,False,False,,,sztuka (x2),8.0,1,0,wyposażenie kuchnii,False,,False,
lidl,2024-07-06,38.85,,,pln,,kalafior,False,False,,,sztuka,9.99,1,5.5,spożywcze,False,,False,
lidl,2024-07-06,38.85,,,pln,,kalafior,False,False,,,sztuka,9.99,1,5.5,spożywcze,False,,False,
lidl,2024-07-06,38.85,,,pln,,papryka czerwona,False,False,,,kilogram,3.72,0.248,0.37,spożywcze,False,,False,
lidl,2024-07-06,38.85,,,pln,,cebula czerwona,False,False,,,kilogram,1.04,0.13,0.1,spożywcze,False,,False,
lidl,2024-07-06,38.85,,,pln,,pudding proteinowy,False,False,,,gram,4.35,200,0,spożywcze,False,,False,
lidl,2024-07-06,38.85,,,pln,,jogurt wegański owocowy,False,False,,,gram,2.99,150,0,spożywcze,False,,False,
lidl,2024-07-06,38.85,,,pln,,pączek z nadzieniem pistacjowym,False,False,,,sztuka,3.99,1,0,spożywcze,False,,False,
lidl,2024-07-06,38.85,,,pln,,fanta puszka,False,False,,,mililitr,4.99,330,0,spożywcze,False,,False,
lidl,2024-07-06,38.85,,,pln,,filet z kurczaka wędlina,False,False,,,gram,2.99,75,0,spożywcze,False,,False,
lidl,2024-07-06,38.85,,,pln,,batoniki z czekoladą mleczną,False,False,,,gram,4.69,100,0,spożywcze,False,,False,
lidl,2024-07-06,38.85,,,pln,,wafelek mleczny roger,False,False,,,gram,0.79,40,0,spożywcze,False,,False,
lidl,2024-07-06,38.85,,,pln,,wafelek mleczny roger,False,False,,,gram,0.79,40,0,spożywcze,False,,False,
adidas,2024-06-30,48.0,,,pln,,spodnie legging,False,False,,,sztuka,68.0,1,20.0,ubrania i garderoba,False,,False,
nike,2024-06-30,66.49,,,pln,,spodnie chino,False,False,,,sztuka,94.99,1,28.5,ubrania i garderoba,False,,False,
orlen,2024-05-09,227.78,,,pln,,benzyna 95pb,False,False,,,litr,230.54,34.46,2.76,transport,False,,False,
action,2024-05-04,14.42,,,pln,,widelce,False,False,,,sztuka (x4),5.95,1,0,wyposażenie kuchnii,False,,False,
action,2024-05-04,14.42,,,pln,,łyżeczki do herbaty,False,False,,,sztuka (x6),3.89,1,0,wyposażenie kuchnii,False,,False,
action,2024-05-04,14.42,,,pln,,spinacze do prania,False,False,,,sztuka (x24),2.79,1,0,ubrania i garderoba,False,,False,
action,2024-05-04,14.42,,,pln,,teczka na dokumenty,False,False,,,sztuka,1.79,1,0,artykuły biurowe,False,,False,
pepco,2024-07-06,7.0,,,pln,,zestaw 3 nożyczek,False,False,,,sztuka,7.0,1,0,artykuły biurowe,False,,False,
decathlon,2024-05-08,19.99,,,pln,,pompka rowerowa,False,False,,,sztuka,19.99,1,0,transport,False,,False,
lidl,2024-06-29,29.15,,,pln,,cola freeway zero,False,False,,,litr,5.29,2,0,spożywcze,False,,False,
lidl,2024-06-29,29.15,,,pln,,brzoskwinie,False,False,,,kilogram,3.64,0.304,1.82,spożywcze,False,,False,
lidl,2024-06-29,29.15,,,pln,,chipsy fromage karbowane,False,False,,,gram,5.19,150,0,spożywcze,False,,False,
lidl,2024-06-29,29.15,,,pln,,chleb żytni bez drożdży,False,False,,,sztuka,3.85,1,0,spożywcze,False,,False,
lidl,2024-06-29,29.15,,,pln,,ser gouda,False,False,,,gram,2.89,150,0,spożywcze,False,,False,
lidl,2024-06-29,29.15,,,pln,,ser gouda,False,False,,,gram,2.89,150,0,spożywcze,False,,False,
lidl,2024-06-29,29.15,,,pln,,cytryna,False,False,,,kilogram,1.55,0.172,0,spożywcze,False,,False,
lidl,2024-06-29,29.15,,,pln,,czosnek młody,False,False,,,kilogram,1.68,0.042,0,spożywcze,False,,False,
lidl,2024-06-29,29.15,,,pln,,serek twarogowy proteinowy,False,False,,,gram,3.99,200,0,spożywcze,False,,False,
stokrotka,2024-08-07,3.79,,,pln,,lód solo,False,False,,,mililitr,3.79,105,0,spożywcze,False,,False,
dealz,2024-05-04,37.0,,,pln,,przedłużacz,False,False,,,sztuka,17.0,1,0,elektronika,False,,False,
dealz,2024-05-04,37.0,,,pln,,deska do krojenia,False,False,,,sztuka,4.0,1,0,wyposażenie kuchnii,False,,False,
dealz,2024-05-04,37.0,,,pln,,chipsy pringles,False,False,,,gram,9.0,165,1.0,spożywcze,False,,False,
dealz,2024-05-04,37.0,,,pln,,chipsy pringles,False,False,,,gram,9.0,165,1.0,spożywcze,False,,False,
lidl,2024-05-09,26.95,,,pln,,chleb tostowy pszenny,False,False,,,gram,2.99,500,0,spożywcze,False,,False,
lidl,2024-05-09,26.95,,,pln,,pepsi zero,False,False,,,litr,23.96,8,0,spożywcze,False,,False,
pepco,2024-06-03,19.5,,,pln,,wieszaki,False,False,,,sztuka (x6),4.0,1,0,ubrania i garderoba,False,,False,
pepco,2024-06-03,19.5,,,pln,,szorty damskie,False,False,,,sztuka (x2),12.0,1,0,ubrania i garderoba,False,,False,
pepco,2024-06-03,19.5,,,pln,,spinacze do prania,False,False,,,sztuka (x30),3.5,1,0,ubrania i garderoba,False,,False,
dealz,2024-06-28,82.5,,,pln,,oshee napój vitamin,False,False,,,litr,4.5,1,0,spożywcze,False,,False,
dealz,2024-06-28,82.5,,,pln,,foremki papierowe do piczenia,False,False,,,sztuka (x100),4.0,1,0,wyposażenie kuchnii,False,,False,
dealz,2024-06-28,82.5,,,pln,,napój energetyczy monster,False,False,,,mililitr,6.0,500,0,spożywcze,False,,False,
dealz,2024-06-28,82.5,,,pln,,rozgałęźnik gniazdka,False,False,,,sztuka,12.0,1,0,elektronika,False,,False,
dealz,2024-06-28,82.5,,,pln,,mydło w płynie,False,False,,,mililitr,7.0,900,0,higiena i kosmetyki,False,,False,
dealz,2024-06-28,82.5,,,pln,,chusteczki higieniczne,False,False,,,sztuka,5.0,1,0,higiena i kosmetyki,False,,False,
dealz,2024-06-28,82.5,,,pln,,chusteczki higieniczne nawilżone,False,False,,,sztuka,8.0,1,0,higiena i kosmetyki,False,,False,
dealz,2024-06-28,82.5,,,pln,,podpaski naturella,False,False,,,sztuka (x10),4.5,1,0,higiena i kosmetyki,False,,False,
dealz,2024-06-28,82.5,,,pln,,podpaski naturella,False,False,,,sztuka (x10),4.5,1,0,higiena i kosmetyki,False,,False,
dealz,2024-06-28,82.5,,,pln,,płyn do mycia szyb ludwik,False,False,,,mililitr,6.0,600,0,środki czystości,False,,False,
dealz,2024-06-28,82.5,,,pln,,szczoteczka do mycia zębów colgate,False,False,,,sztuka,4.0,1,0,higiena i kosmetyki,False,,False,
dealz,2024-06-28,82.5,,,pln,,mydło w płynie apart,False,False,,,mililitr,7.0,900,0,higiena i kosmetyki,False,,False,
dealz,2024-06-28,82.5,,,pln,,pasta do zębów colgate whitening,False,False,,,mililitr,8.0,75,3.0,higiena i kosmetyki,False,,False,
dealz,2024-06-28,82.5,,,pln,,pasta do zębów colgate whitening,False,False,,,mililitr,8.0,75,3.0,higiena i kosmetyki,False,,False,
lidl,2024-05-04,65.84,,,pln,,filet z piersi kurczaka,False,False,,,kilogram,16.28,0.654,6.51,spożywcze,False,,False,
lidl,2024-05-04,65.84,,,pln,,filet z piersi kurczaka,False,False,,,kilogram,14.19,0.57,5.68,spożywcze,False,,False,
lidl,2024-05-04,65.84,,,pln,,ogórki gruntowe,False,False,,,kilogram,1.35,0.104,0.52,spożywcze,False,,False,
lidl,2024-05-04,65.84,,,pln,,papryka jalapenos,False,False,,,gram,6.59,340,0,spożywcze,False,,False,
lidl,2024-05-04,65.84,,,pln,,filet z kurczaka wędlina,False,False,,,gram,2.99,75,0,spożywcze,False,,False,
lidl,2024-05-04,65.84,,,pln,,filet z kurczaka wędlina,False,False,,,gram,2.99,75,0,spożywcze,False,,False,
lidl,2024-05-04,65.84,,,pln,,"mlekouht 0,5%",False,False,,,litr,2.89,1,0,spożywcze,False,,False,
lidl,2024-05-04,65.84,,,pln,,boczek krojony,False,False,,,gram,9.88,250,0,spożywcze,False,,False,
lidl,2024-05-04,65.84,,,pln,,kwasek cytrynowy,False,False,,,sztuka,4.59,1,0,spożywcze,False,,False,
lidl,2024-05-04,65.84,,,pln,,chleb tostowy pszenny,False,False,,,gram,2.99,500,0,spożywcze,False,,False,
lidl,2024-05-04,65.84,,,pln,,płatki owsiane błyskawiczne,False,False,,,gram,2.84,500,0,spożywcze,False,,False,
lidl,2024-05-04,65.84,,,pln,,wafle kukurydziane smakowe,False,False,,,gram,3.66,120,0,spożywcze,False,,False,
lidl,2024-05-04,65.84,,,pln,,chipsy tortilla,False,False,,,gram,3.74,150,0,spożywcze,False,,False,
lidl,2024-05-04,65.84,,,pln,,półbagietka,False,False,,,sztuka,1.19,1,0,spożywcze,False,,False,
lidl,2024-05-04,65.84,,,pln,,półbagietka,False,False,,,sztuka,1.19,1,0,spożywcze,False,,False,
lidl,2024-05-04,65.84,,,pln,,półbagietka,False,False,,,sztuka,1.19,1,0,spożywcze,False,,False,
primark,2024-05-18,30.0,,,pln,,odświeżacz powietrza,False,False,,,sztuka,5.5,1,0,meble i dekoracje,False,,False,
primark,2024-05-18,30.0,,,pln,,stanik,False,False,,,sztuka,15.0,1,0,ubrania i garderoba,False,,False,
primark,2024-05-18,30.0,,,pln,,t-shirt rozciągliwy,False,False,,,sztuka,15.0,1,5.5,ubrania i garderoba,False,,False,
lidl,2024-05-02,80.29,,,pln,,woda,False,False,,,litr,9.54,9,0,spożywcze,False,,False,
lidl,2024-05-02,80.29,,,pln,,jajka ściółkowe,False,False,,,sztuka (x10),8.49,1,0,spożywcze,False,,False,
lidl,2024-05-02,80.29,,,pln,,ser twardy,False,False,,,gram,8.49,150,0,spożywcze,False,,False,
lidl,2024-05-02,80.29,,,pln,,cukier kryształ,False,False,,,kilogram,4.49,1,0,spożywcze,False,,False,
lidl,2024-05-02,80.29,,,pln,,kawa rozpuszczalna gold,False,False,,,gram,19.99,100,0,spożywcze,False,,False,
lidl,2024-05-02,80.29,,,pln,,mydło w płynie,False,False,,,litr,3.99,1,0,higiena i kosmetyki,False,,False,
lidl,2024-05-02,80.29,,,pln,,makaron spaghetti,False,False,,,gram,2.33,500,0,spożywcze,False,,False,
lidl,2024-05-02,80.29,,,pln,,bio napój owsiany,False,False,,,litr,4.25,1,0,spożywcze,False,,False,
lidl,2024-05-02,80.29,,,pln,,"mlekouht 0,5%",False,False,,,litr,2.89,1,0,spożywcze,False,,False,
lidl,2024-05-02,80.29,,,pln,,herbata czarna rainfor,False,False,,,sztuka,7.39,1,0,spożywcze,False,,False,
lidl,2024-05-02,80.29,,,pln,,śmietanka 30%,False,False,,,gram,2.95,200,0,spożywcze,False,,False,
lidl,2024-05-02,80.29,,,pln,,worki na śmieci,False,False,,,sztuka,3.69,1,0,środki czystości,False,,False,
lidl,2024-05-02,80.29,,,pln,,cytryna,False,False,,,kilogram,0.91,0.152,0,spożywcze,False,,False,
lidl,2024-05-02,80.29,,,pln,,czosnek,False,False,,,kilogram,0.89,0.024,0,spożywcze,False,,False,
lidl,2024-07-20,81.34,,,pln,,ziemniaki wczesne,False,False,,,kilogram,2.73,0.684,1.81,spożywcze,False,,False,
lidl,2024-07-20,81.34,,,pln,,tortilla 6x25cm,False,False,,,gram,4.82,370,1.21,spożywcze,False,,False,
lidl,2024-07-20,81.34,,,pln,,chleb żytni bez drożdży,False,False,,,sztuka,3.85,1,0.39,spożywcze,False,,False,
lidl,2024-07-20,81.34,,,pln,,cebula dymka,False,False,,,sztuka,2.99,1,0.3,spożywcze,False,,False,
lidl,2024-07-20,81.34,,,pln,,cytryna,False,False,,,kilogram,1.66,0.208,0.17,spożywcze,False,,False,
lidl,2024-07-20,81.34,,,pln,,wino gewurztr,False,False,,,litr,19.99,0.75,0,używki,False,,False,
lidl,2024-07-20,81.34,,,pln,,reklamówka,False,False,,,sztuka,0.79,1,0,inne,False,,False,
lidl,2024-07-20,81.34,,,pln,,żel pod prysznic,False,False,,,mililitr,4.99,400,0,higiena i kosmetyki,False,,False,
lidl,2024-07-20,81.34,,,pln,,lipton,False,False,,,litr,4.99,1.5,0,spożywcze,False,,False,
lidl,2024-07-20,81.34,,,pln,,frankfurterki z szynki,False,False,,,gram,9.99,350,0,spożywcze,False,,False,
lidl,2024-07-20,81.34,,,pln,,polędwica z kurczaka,False,False,,,gram,11.59,400,0,spożywcze,False,,False,
lidl,2024-07-20,81.34,,,pln,,filet z kurczaka wędlina,False,False,,,gram,2.99,75,0,spożywcze,False,,False,
lidl,2024-07-20,81.34,,,pln,,śmietana 18%,False,False,,,gram,3.86,400,0,spożywcze,False,,False,
lidl,2024-07-20,81.34,,,pln,,chusteczki higieniczne,False,False,,,sztuka,3.99,1,0,higiena i kosmetyki,False,,False,
lidl,2024-07-20,81.34,,,pln,,chrupki cheetos,False,False,,,gram,5.99,150,0,spożywcze,False,,False,
lidl,2024-06-22,170.44,,,pln,,bób,False,False,,,gram,17.99,500,9.0,spożywcze,False,,False,
lidl,2024-06-22,170.44,,,pln,,pieczarki brązowe,False,False,,,gram,4.99,300,2.75,spożywcze,False,,False,
lidl,2024-06-22,170.44,,,pln,,płatki śniadaniowe,False,False,,,gram,3.79,250,0.38,spożywcze,False,,False,
lidl,2024-06-22,170.44,,,pln,,brzoskwinie,False,False,,,kilogram,3.21,0.214,1.86,spożywcze,False,,False,
lidl,2024-06-22,170.44,,,pln,,cebula czerwona,False,False,,,kilogram,1.41,0.176,0.14,spożywcze,False,,False,
lidl,2024-06-22,170.44,,,pln,,marchew młoda,False,False,,,kilogram,0.96,0.138,0.1,spożywcze,False,,False,
lidl,2024-06-22,170.44,,,pln,,cebula żółta,False,False,,,kilogram,0.82,0.158,0.08,spożywcze,False,,False,
lidl,2024-06-22,170.44,,,pln,,makaron tagliatelle,False,False,,,gram,4.59,400,1.38,spożywcze,False,,False,
lidl,2024-06-22,170.44,,,pln,,woda mineralna,False,False,,,litr,10.14,9,0,spożywcze,False,,False,
lidl,2024-06-22,170.44,,,pln,,cola freeway zero,False,False,,,litr,5.29,2,0,spożywcze,False,,False,
lidl,2024-06-22,170.44,,,pln,,cola freeway zero,False,False,,,litr,5.29,2,0,spożywcze,False,,False,
lidl,2024-06-22,170.44,,,pln,,roleski sos bbq,False,False,,,gram,5.99,365,0,spożywcze,False,,False,
lidl,2024-06-22,170.44,,,pln,,"mlekouht 0,5%",False,False,,,litr,3.14,1,0,spożywcze,False,,False,
lidl,2024-06-22,170.44,,,pln,,"mlekouht 0,5%",False,False,,,litr,3.14,1,0,spożywcze,False,,False,
lidl,2024-06-22,170.44,,,pln,,woda mineralna,False,False,,,litr,0.99,1.5,0,spożywcze,False,,False,
lidl,2024-06-22,170.44,,,pln,,woda mineralna,False,False,,,litr,0.99,1.5,0,spożywcze,False,,False,
lidl,2024-06-22,170.44,,,pln,,chusteczki higieniczne miętowe,False,False,,,sztuka,3.99,1,0,spożywcze,False,,False,
lidl,2024-06-22,170.44,,,pln,,mięso mielone wołowe,False,False,,,gram,14.15,400,0,spożywcze,False,,False,
lidl,2024-06-22,170.44,,,pln,,paluchy beskidzkie,False,False,,,gram,2.49,100,0,spożywcze,False,,False,
lidl,2024-06-22,170.44,,,pln,,tofu xxl,False,False,,,gram,6.99,360,0,spożywcze,False,,False,
lidl,2024-06-22,170.44,,,pln,,pomidory suszone,False,False,,,gram,13.99,480,0,spożywcze,False,,False,
lidl,2024-06-22,170.44,,,pln,,worki na śmieci,False,False,,,sztuka,3.69,1,0,środki czystości,False,,False,
lidl,2024-06-22,170.44,,,pln,,ser gouda,False,False,,,gram,4.45,150,0,spożywcze,False,,False,
lidl,2024-06-22,170.44,,,pln,,jajka ściółkowe,False,False,,,sztuka (x10),6.29,1,0,spożywcze,False,,False,
lidl,2024-06-22,170.44,,,pln,,guma do żucia 21szt,False,False,,,gram,4.69,29,0,spożywcze,False,,False,
lidl,2024-06-22,170.44,,,pln,,guma do żucia 21szt,False,False,,,gram,4.69,29,0,spożywcze,False,,False,
lidl,2024-06-22,170.44,,,pln,,worki na śmieci 60l,False,False,,,sztuka,3.69,1,0,środki czystości,False,,False,
lidl,2024-06-22,170.44,,,pln,,wafle kukurydziane smakowe,False,False,,,gram,3.66,120,0,spożywcze,False,,False,
lidl,2024-06-22,170.44,,,pln,,chleb tostowy pszenny,False,False,,,gram,3.14,500,0,spożywcze,False,,False,
lidl,2024-06-22,170.44,,,pln,,filet z kurczaka wędlina,False,False,,,gram,2.99,75,0,spożywcze,False,,False,
lidl,2024-06-22,170.44,,,pln,,filet z kurczaka wędlina,False,False,,,gram,2.99,75,0,spożywcze,False,,False,
lidl,2024-06-22,170.44,,,pln,,ser twardy,False,False,,,gram,8.49,150,0,spożywcze,False,,False,
lidl,2024-06-22,170.44,,,pln,,boczek krojony,False,False,,,gram,11.3,250,0,spożywcze,False,,False,
lidl,2024-06-22,170.44,,,pln,,lody rożki,False,False,,,mililitr,1.29,120,0,spożywcze,False,,False,
lidl,2024-06-22,170.44,,,pln,,lody rożki,False,False,,,mililitr,1.29,120,0,spożywcze,False,,False,
lidl,2024-06-22,170.44,,,pln,,śmietanka 30%,False,False,,,gram,3.29,200,0,spożywcze,False,,False,
lidl,2024-06-22,170.44,,,pln,,jogurt wegański (vegangurt ekonomiczny),False,False,,,gram,1.99,150,0,spożywcze,False,,False,
lidl,2024-06-22,170.44,,,pln,,śmietana 18%,False,False,,,gram,3.86,400,0,spożywcze,False,,False,
lidl,2024-08-10,42.62,,,pln,,brzoskwinie paraguayo,False,False,,,kilogram,9.56,0.638,6.12,spożywcze,False,,False,
lidl,2024-08-10,42.62,,,pln,,papryka czerwona,False,False,,,kilogram,6.44,2.3,4.14,spożywcze,False,,False,
lidl,2024-08-10,42.62,,,pln,,bułka pszenna,False,False,,,sztuka,0.83,1,0.08,spożywcze,False,,False,
lidl,2024-08-10,42.62,,,pln,,bułka pszenna,False,False,,,sztuka,0.83,1,0.08,spożywcze,False,,False,
lidl,2024-08-10,42.62,,,pln,,bułka pszenna,False,False,,,sztuka,0.83,1,0.08,spożywcze,False,,False,
lidl,2024-08-10,42.62,,,pln,,bułka pszenna,False,False,,,sztuka,0.83,1,0.08,spożywcze,False,,False,
lidl,2024-08-10,42.62,,,pln,,ogórki szklarniowe,False,False,,,kilogram,1.97,0.246,0.2,spożywcze,False,,False,
lidl,2024-08-10,42.62,,,pln,,fasola czerwona,False,False,,,gram,2.89,255,0,spożywcze,False,,False,
lidl,2024-08-10,42.62,,,pln,,pomidory w puszce,False,False,,,gram,2.99,400,0,spożywcze,False,,False,
lidl,2024-08-10,42.62,,,pln,,pomidory w puszce,False,False,,,gram,2.99,400,0,spożywcze,False,,False,
lidl,2024-08-10,42.62,,,pln,,napój energetyczy monster,False,False,,,mililitr,4.99,500,0,spożywcze,False,,False,
lidl,2024-08-10,42.62,,,pln,,zupka chińska vifon,False,False,,,gram,0.8,70,0,spożywcze,False,,False,
lidl,2024-08-10,42.62,,,pln,,zupka chińska vifon,False,False,,,gram,0.8,70,0,spożywcze,False,,False,
lidl,2024-08-10,42.62,,,pln,,chleb tostowy pszenny,False,False,,,gram,2.99,500,0,spożywcze,False,,False,
lidl,2024-08-10,42.62,,,pln,,tortilla 6x25cm,False,False,,,gram,4.82,370,0,spożywcze,False,,False,
lidl,2024-08-10,42.62,,,pln,,boczek w plastrach,False,False,,,gram,5.85,100,0,spożywcze,False,,False,
lidl,2024-08-10,42.62,,,pln,,filet z kurczaka wędlina,False,False,,,gram,2.99,75,0,spożywcze,False,,False,
lidl,2024-08-10,4.5,,,pln,,guma do żucia 21szt,False,False,,,gram,2.25,29,0,spożywcze,False,,False,
lidl,2024-08-10,4.5,,,pln,,guma do żucia 21szt,False,False,,,gram,2.25,29,0,spożywcze,False,,False,
lidl,2024-06-05,20.07,,,pln,,pomidory malinowe,False,False,,,kilogram,3.21,0.214,1.71,spożywcze,False,,False,
lidl,2024-06-05,20.07,,,pln,,chleb tostowy pszenny,False,False,,,gram,3.14,500,0,spożywcze,False,,False,
lidl,2024-06-05,20.07,,,pln,,czekolada,False,False,,,gram,3.99,100,0,spożywcze,False,,False,
lidl,2024-06-05,20.07,,,pln,,płatki śniadaniowe,False,False,,,gram,3.79,250,0,spożywcze,False,,False,
lidl,2024-06-05,20.07,,,pln,,chrupki cheetos,False,False,,,gram,5.99,150,0,spożywcze,False,,False,
lidl,2024-06-05,20.07,,,pln,,bułka grahamka,False,False,,,sztuka,0.83,1,0,spożywcze,False,,False,
lidl,2024-06-05,20.07,,,pln,,bułka grahamka,False,False,,,sztuka,0.83,1,0,spożywcze,False,,False,
lidl,2024-06-08,57.94,,,pln,,szpinak myty,False,False,,,gram,5.99,200,0.6,spożywcze,False,,False,
lidl,2024-06-08,57.94,,,pln,,chleb włoski,False,False,,,sztuka,4.19,1,0.42,spożywcze,False,,False,
lidl,2024-06-08,57.94,,,pln,,płatki śniadaniowe,False,False,,,gram,3.79,250,0.38,spożywcze,False,,False,
lidl,2024-06-08,57.94,,,pln,,pomidory malinowe,False,False,,,kilogram,0.99,0.198,0.1,spożywcze,False,,False,
lidl,2024-06-08,57.94,,,pln,,cebula czerwona,False,False,,,kilogram,0.86,0.108,0.09,spożywcze,False,,False,
lidl,2024-06-08,57.94,,,pln,,czosnek,False,False,,,kilogram,0.81,0.022,0.08,spożywcze,False,,False,
lidl,2024-06-08,57.94,,,pln,,woda mineralna,False,False,,,litr,10.14,9,0,spożywcze,False,,False,
lidl,2024-06-08,57.94,,,pln,,makaron tagliatelle,False,False,,,gram,4.59,400,0,spożywcze,False,,False,
lidl,2024-06-08,57.94,,,pln,,kostka do wc w5,False,False,,,sztuka (x3),8.99,1,0,środki czystości,False,,False,
lidl,2024-06-08,57.94,,,pln,,chusteczki do sprzątania,False,False,,,sztuka,4.85,1,0,środki czystości,False,,False,
lidl,2024-06-08,57.94,,,pln,,serek wysokobiałkowy,False,False,,,gram,3.74,200,0,spożywcze,False,,False,
lidl,2024-06-08,57.94,,,pln,,jogurt naturalny,False,False,,,gram,1.69,400,0,spożywcze,False,,False,
lidl,2024-06-08,57.94,,,pln,,filet z kurczaka wędlina,False,False,,,gram,2.99,75,0,spożywcze,False,,False,
lidl,2024-06-08,57.94,,,pln,,chrupki cheetos,False,False,,,gram,5.99,150,0,spożywcze,False,,False,
stokrotka,2024-07-31,12.58,,,pln,,lody sammontana,False,False,,,gram,6.29,80,0,spożywcze,False,,False,
stokrotka,2024-07-31,12.58,,,pln,,lody sammontana,False,False,,,gram,6.29,80,6.29,spożywcze,False,,False,
stokrotka,2024-07-31,12.58,,,pln,,lody sammontana,False,False,,,gram,6.29,80,0,spożywcze,False,,False,
stokrotka,2024-07-31,12.58,,,pln,,lody sammontana,False,False,,,gram,6.29,80,6.29,spożywcze,False,,False,
biedronka,2024-08-10,34.7,,,pln,,ręcznik papierowy,False,False,,,sztuka,11.89,1,2.9,środki czystości,False,,False,
biedronka,2024-08-10,34.7,,,pln,,kukurydza kolba,False,False,,,sztuka,3.97,1,0,spożywcze,False,,False,
biedronka,2024-08-10,34.7,,,pln,,kukurydza kolba,False,False,,,sztuka,3.97,1,3.97,spożywcze,False,,False,
biedronka,2024-08-10,34.7,,,pln,,ser podlaski,False,False,,,gram,8.99,300,3.6,spożywcze,False,,False,
biedronka,2024-08-10,34.7,,,pln,,ser podlaski,False,False,,,gram,8.99,300,3.6,spożywcze,False,,False,
biedronka,2024-08-10,34.7,,,pln,,jajka ściółkowe,False,False,,,sztuka (x10),8.99,1,0,spożywcze,False,,False,
biedronka,2024-08-10,34.7,,,pln,,banany,False,False,,,kilogram,2.76,0.395,0.79,spożywcze,False,,False,
żabka,2024-08-10,9.98,,,pln,,cocacola zero limonka,False,False,,,litr,7.5,0.85,2.51,spożywcze,False,,False,
żabka,2024-08-10,9.98,,,pln,,cocacola zero limonka,False,False,,,litr,7.5,0.85,2.51,spożywcze,False,,False,
rossmann,2024-08-10,12.99,,,pln,,prezerwatywy durex,False,False,,,sztuka (x3),12.99,1,0,higiena i kosmetyki,False,,False,
biedronka,2024-07-06,69.53,,,pln,,napój energetyczy monster,False,False,,,mililitr,5.99,500,0,spożywcze,False,,False,
biedronka,2024-07-06,69.53,,,pln,,gąbka do kąpieli,False,False,,,sztuka (x4),3.85,1,0,higiena i kosmetyki,False,,False,
biedronka,2024-07-06,69.53,,,pln,,chusteczki do sprzątania mr magic,False,False,,,sztuka (x60),6.49,1,0,środki czystości,False,,False,
biedronka,2024-07-06,69.53,,,pln,,papier toaletowy (8 rolek),False,False,,,sztuka (x8),6.99,1,2.0,higiena i kosmetyki,False,,False,
biedronka,2024-07-06,69.53,,,pln,,szynka wieprzowa,False,False,,,gram,7.95,80,1.96,spożywcze,False,,False,
biedronka,2024-07-06,69.53,,,pln,,szynka wieprzowa,False,False,,,gram,7.95,80,1.96,spożywcze,False,,False,
biedronka,2024-07-06,69.53,,,pln,,chusteczki higieniczne,False,False,,,sztuka,3.99,1,0,higiena i kosmetyki,False,,False,
biedronka,2024-07-06,69.53,,,pln,,chusteczki higieniczne,False,False,,,sztuka,3.99,1,0,higiena i kosmetyki,False,,False,
biedronka,2024-07-06,69.53,,,pln,,makaron ryżowy,False,False,,,gram,6.29,200,0,spożywcze,False,,False,
biedronka,2024-07-06,69.53,,,pln,,ser edamski,False,False,,,kilogram,6.1,0.254,1.3,spożywcze,False,,False,
biedronka,2024-07-06,69.53,,,pln,,makaron gnocci,False,False,,,gram,4.69,500,0,spożywcze,False,,False,
biedronka,2024-07-06,69.53,,,pln,,cebula żółta,False,False,,,kilogram,0.78,0.15,0,spożywcze,False,,False,
biedronka,2024-07-06,69.53,,,pln,,marchew,False,False,,,gram,0.63,0.09,0.27,spożywcze,False,,False,
biedronka,2024-07-06,69.53,,,pln,,cebula dymka,False,False,,,sztuka,2.99,1,0,spożywcze,False,,False,
biedronka,2024-07-06,69.53,,,pln,,woda mineralna,False,False,,,litr,10.14,9,1.8,spożywcze,False,,False,
biedronka,2024-07-18,23.46,,,pln,,woda mineralna,False,False,,,litr,10.14,9,0,spożywcze,False,,False,
biedronka,2024-07-18,23.46,,,pln,,bułka wrocławska,False,False,,,sztuka,1.09,1,0,spożywcze,False,,False,
biedronka,2024-07-18,23.46,,,pln,,bułka wrocławska,False,False,,,sztuka,1.09,1,0,spożywcze,False,,False,
biedronka,2024-07-18,23.46,,,pln,,bułka wrocławska,False,False,,,sztuka,1.09,1,0,spożywcze,False,,False,
biedronka,2024-07-18,23.46,,,pln,,papryka czerwona,False,False,,,kilogram,8.54,0.57,3.99,spożywcze,False,,False,
biedronka,2024-07-18,23.46,,,pln,,ryż biały długoziarnisty,False,False,,,kilogram,3.99,1,0,spożywcze,False,,False,
biedronka,2024-07-18,23.46,,,pln,,jogurt naturalny,False,False,,,gram,0.95,190,0,spożywcze,False,,False,
biedronka,2024-07-18,23.46,,,pln,,cebula żółta,False,False,,,kilogram,0.7,0.14,0.14,spożywcze,False,,False,
biedronka,2024-05-11,18.46,,,pln,,baterie paluszki aaa,False,False,,,sztuka (x4),9.99,1,0,elektronika,False,,False,
biedronka,2024-05-11,18.46,,,pln,,chlep słoneczniki,False,False,,,sztuka,3.99,1,0,spożywcze,False,,False,
biedronka,2024-05-11,18.46,,,pln,,cytryna,False,False,,,kilogram,1.49,0.205,0,spożywcze,False,,False,
biedronka,2024-05-11,18.46,,,pln,,surówkimix,False,False,,,gram,2.99,300,0,spożywcze,False,,False,
biedronka,2024-05-11,3.89,,,pln,,arbuz,False,False,,,kilogram,6.82,0.975,2.93,spożywcze,False,,False,
biedronka,2024-05-08,5.49,,,pln,,żel do udrożniania rur agent max,False,False,,,kilogram,6.99,1,1.5,środki czystości,False,,False,
biedronka,2024-05-04,112.86,,,pln,,ręcznik papierowy,False,False,,,sztuka,11.99,1,5.0,środki czystości,False,,False,
biedronka,2024-05-04,112.86,,,pln,,ręcznik papierowy,False,False,,,sztuka,11.99,1,5.0,środki czystości,False,,False,
biedronka,2024-05-04,112.86,,,pln,,frytki proste,False,False,,,kilogram,8.99,1,1.8,spożywcze,False,,False,
biedronka,2024-05-04,112.86,,,pln,,frytki proste,False,False,,,kilogram,8.99,1,1.8,spożywcze,False,,False,
biedronka,2024-05-04,112.86,,,pln,,pomidory suszone,False,False,,,gram,13.49,320,0,spożywcze,False,,False,
biedronka,2024-05-04,112.86,,,pln,,chusteczki do sprzątania mr magic,False,False,,,sztuka (x80),6.49,1,0,środki czystości,False,,False,
biedronka,2024-05-04,112.86,,,pln,,ketchup roleski,False,False,,,gram,6.49,465,0,spożywcze,False,,False,
biedronka,2024-05-04,112.86,,,pln,,serek kanapkowy,False,False,,,gram,4.46,150,1.47,spożywcze,False,,False,
biedronka,2024-05-04,112.86,,,pln,,serek kanapkowy,False,False,,,gram,4.46,150,1.47,spożywcze,False,,False,
biedronka,2024-05-04,112.86,,,pln,,sól,False,False,,,kilogram,1.79,1,0.4,spożywcze,False,,False,
biedronka,2024-05-04,112.86,,,pln,,patyczki do uszu bebeauty,False,False,,,sztuka (x200),2.99,1,0,higiena i kosmetyki,False,,False,
biedronka,2024-05-04,112.86,,,pln,,ser gouda,False,False,,,gram,4.99,150,0.54,spożywcze,False,,False,
biedronka,2024-05-04,112.86,,,pln,,masło mleczna dolina,False,False,,,gram,5.99,200,0,spożywcze,False,,False,
biedronka,2024-05-04,112.86,,,pln,,jogurt wegański kokosowy,False,False,,,gram,2.85,150,0.36,spożywcze,False,,False,
biedronka,2024-05-04,112.86,,,pln,,jogurt wegański kokosowy,False,False,,,gram,2.85,150,0.36,spożywcze,False,,False,
biedronka,2024-05-04,112.86,,,pln,,jogurt wegański kokosowy,False,False,,,gram,2.85,150,0.36,spożywcze,False,,False,
biedronka,2024-05-04,112.86,,,pln,,mozzarella light,False,False,,,gram,2.85,125,0,spożywcze,False,,False,
biedronka,2024-05-04,112.86,,,pln,,mozzarella light,False,False,,,gram,2.85,125,0,spożywcze,False,,False,
biedronka,2024-05-04,112.86,,,pln,,banany,False,False,,,gram,6.01,0.86,3.56,spożywcze,False,,False,
biedronka,2024-05-04,112.86,,,pln,,brokuł,False,False,,,sztuka,5.72,1,2.86,spożywcze,False,,False,
biedronka,2024-05-04,112.86,,,pln,,brokuł,False,False,,,sztuka,5.72,1,2.86,spożywcze,False,,False,
biedronka,2024-05-04,112.86,,,pln,,szpinak myty,False,False,,,gram,5.89,200,0,spożywcze,False,,False,
biedronka,2024-05-04,112.86,,,pln,,makaron spaghetti,False,False,,,gram,3.42,500,1.03,spożywcze,False,,False,
biedronka,2024-05-04,112.86,,,pln,,makaron fusilli,False,False,,,gram,3.42,500,1.02,spożywcze,False,,False,
biedronka,2024-05-04,112.86,,,pln,,makaron tagliatelle,False,False,,,gram,4.59,400,1.37,spożywcze,False,,False,
biedronka,2024-05-04,112.86,,,pln,,rzodkiewka,False,False,,,sztuka,1.99,1,0,spożywcze,False,,False,
biedronka,2024-05-04,112.86,,,pln,,rzodkiewka,False,False,,,sztuka,1.99,1,1.99,spożywcze,False,,False,
biedronka,2024-05-18,78.77,,,pln,,woda mineralna,False,False,,,litr,9.54,9,0,spożywcze,False,,False,
biedronka,2024-05-18,78.77,,,pln,,serek kanapkowy,False,False,,,gram,3.74,150,0,spożywcze,False,,False,
biedronka,2024-05-18,78.77,,,pln,,żel pod prysznic skino,False,False,,,mililitr,4.89,400,0,higiena i kosmetyki,False,,False,
biedronka,2024-05-18,78.77,,,pln,,ocet jabłkowy,False,False,,,mililitr,4.99,500,0,spożywcze,False,,False,
biedronka,2024-05-18,78.77,,,pln,,chusteczki do sprzątania mr magic,False,False,,,sztuka (x80),6.49,1,0,higiena i kosmetyki,False,,False,
biedronka,2024-05-18,78.77,,,pln,,makaron gnocci,False,False,,,gram,4.69,500,0,spożywcze,False,,False,
biedronka,2024-05-18,78.77,,,pln,,pieprz kamis,False,False,,,gram,1.99,16,0,spożywcze,False,,False,
biedronka,2024-05-18,78.77,,,pln,,pieprz kamis,False,False,,,gram,1.99,16,0,spożywcze,False,,False,
biedronka,2024-05-18,78.77,,,pln,,płatki śniadaniowe,False,False,,,gram,3.41,250,0,spożywcze,False,,False,
biedronka,2024-05-18,78.77,,,pln,,filet z kurczaka wędlina,False,False,,,gram,3.99,100,0,spożywcze,False,,False,
biedronka,2024-05-18,78.77,,,pln,,bułka grahamka,False,False,,,sztuka,0.83,1,0,spożywcze,False,,False,
biedronka,2024-05-18,78.77,,,pln,,bułka grahamka,False,False,,,sztuka,0.83,1,0,spożywcze,False,,False,
biedronka,2024-05-18,78.77,,,pln,,bułka grahamka,False,False,,,sztuka,0.83,1,0,spożywcze,False,,False,
biedronka,2024-05-18,78.77,,,pln,,śmietana 18% mleczna dolina,False,False,,,gram,2.4,200,0,spożywcze,False,,False,
biedronka,2024-05-18,78.77,,,pln,,chleb tostowy pszenny,False,False,,,gram,2.99,500,0,spożywcze,False,,False,
biedronka,2024-05-18,78.77,,,pln,,szpinak myty,False,False,,,gram,5.89,200,0,spożywcze,False,,False,
biedronka,2024-05-18,78.77,,,pln,,ręcznik papierowy,False,False,,,sztuka,11.99,1,0,środki czystości,False,,False,
biedronka,2024-05-18,78.77,,,pln,,papier toaletowy (8 rolek),False,False,,,sztuka (x8),7.29,1,0,higiena i kosmetyki,False,,False,
biedronka,2024-05-09,65.25,,,pln,,makaron ryżowy,False,False,,,gram,5.99,200,1.5,spożywcze,False,,False,
biedronka,2024-05-09,65.25,,,pln,,makaron ryżowy,False,False,,,gram,5.99,200,1.5,spożywcze,False,,False,
biedronka,2024-05-09,65.25,,,pln,,paluszki rybne,False,False,,,gram,17.13,420,3.14,spożywcze,False,,False,
biedronka,2024-05-09,65.25,,,pln,,paluszki rybne,False,False,,,gram,17.13,420,3.14,spożywcze,False,,False,
biedronka,2024-05-09,65.25,,,pln,,maszynki do golenia,False,False,,,sztuka,9.99,1,0,higiena i kosmetyki,False,,False,
biedronka,2024-05-09,65.25,,,pln,,cebula zółta,False,False,,,kilogram,0.99,0.25,0,spożywcze,False,,False,
biedronka,2024-05-09,65.25,,,pln,,kaszanka,False,False,,,kilogram,3.92,0.236,0,spożywcze,False,,False,
biedronka,2024-05-09,65.25,,,pln,,banany,False,False,,,kilogram,5.42,0.775,0,spożywcze,False,,False,
biedronka,2024-05-09,65.25,,,pln,,czosnek,False,False,,,sztuka,1.98,1,0,spożywcze,False,,False,
biedronka,2024-05-09,65.25,,,pln,,sos sojowy,False,False,,,mililitr,5.99,500,0,spożywcze,False,,False,
biedronka,2024-05-18,13.72,,,pln,,jogurt naturalny,False,False,,,gram,0.99,190,0,spożywcze,False,,False,
biedronka,2024-05-18,13.72,,,pln,,truskawka,False,False,,,gram,10.98,500,4.99,spożywcze,False,,False,
biedronka,2024-05-18,13.72,,,pln,,arbuz,False,False,,,kilogram,13.5,1.932,6.76,spożywcze,False,,False,
biedronka,2024-05-13,31.98,,,pln,,papier do pieczenia,False,False,,,sztuka,7.49,1,0,wyposażenie kuchnii,False,,False,
biedronka,2024-05-13,31.98,,,pln,,bułka grahamka,False,False,,,sztuka,0.83,1,0,spożywcze,False,,False,
biedronka,2024-05-13,31.98,,,pln,,bułka grahamka,False,False,,,sztuka,0.83,1,0,spożywcze,False,,False,
biedronka,2024-05-13,31.98,,,pln,,bułka grahamka,False,False,,,sztuka,0.83,1,0,spożywcze,False,,False,
biedronka,2024-05-13,31.98,,,pln,,pieczarki,False,False,,,gram,6.99,500,2.0,spożywcze,False,,False,
biedronka,2024-05-13,31.98,,,pln,,chleb tostowy pszenny,False,False,,,gram,3.19,500,0,spożywcze,False,,False,
biedronka,2024-05-13,31.98,,,pln,,ser edamski,False,False,,,kilogram,8.54,0.356,1.46,spożywcze,False,,False,
biedronka,2024-05-13,31.98,,,pln,,filet z kurczaka wędlina,False,False,,,gram,3.89,100,0,spożywcze,False,,False,
biedronka,2024-05-13,31.98,,,pln,,mozzarella light,False,False,,,gram,2.85,125,0,spożywcze,False,,False,
biedronka,2024-05-11,61.04,,,pln,,"mlekouht 0,5%",False,False,,,litr,2.99,1,0.5,spożywcze,False,,False,
biedronka,2024-05-11,61.04,,,pln,,"mlekouht 0,5%",False,False,,,litr,2.99,1,0.5,spożywcze,False,,False,
biedronka,2024-05-11,61.04,,,pln,,"mlekouht 0,5%",False,False,,,litr,2.99,1,0.5,spożywcze,False,,False,
biedronka,2024-05-11,61.04,,,pln,,spritezero,False,False,,,litr,6.99,1,0,spożywcze,False,,False,
biedronka,2024-05-11,61.04,,,pln,,jajka ściółkowe,False,False,,,sztuka (x10),8.99,1,2.25,spożywcze,False,,False,
biedronka,2024-05-11,61.04,,,pln,,jajka ściółkowe,False,False,,,sztuka (x10),8.99,1,2.25,spożywcze,False,,False,
biedronka,2024-05-11,61.04,,,pln,,serek twarogowy proteinowy brzoskwinia-marakuja,False,False,,,gram,3.35,200,0.66,spożywcze,False,,False,
biedronka,2024-05-11,61.04,,,pln,,serek twarogowy proteinowy malinowy,False,False,,,gram,3.35,200,0.66,spożywcze,False,,False,
biedronka,2024-05-11,61.04,,,pln,,serek kanapkowy,False,False,,,gram,3.74,150,0,spożywcze,False,,False,
biedronka,2024-05-11,61.04,,,pln,,antyperperant sztyft,False,False,,,sztuka,16.99,1,5.0,higiena i kosmetyki,False,,False,
biedronka,2024-05-11,61.04,,,pln,,antyperperant sztyft,False,False,,,sztuka,16.99,1,5.0,higiena i kosmetyki,False,,False,
biedronka,2024-05-08,26.97,,,pln,,wafle kakaowe,False,False,,,gram,2.47,138,0.48,spożywcze,False,,False,
biedronka,2024-05-08,26.97,,,pln,,wafle kakaowe,False,False,,,gram,2.47,138,0.48,spożywcze,False,,False,
biedronka,2024-05-08,26.97,,,pln,,półbagietka,False,False,,,sztuka,1.25,1,0.06,spożywcze,False,,False,
biedronka,2024-05-08,26.97,,,pln,,półbagietka,False,False,,,sztuka,1.25,1,0.06,spożywcze,False,,False,
biedronka,2024-05-08,26.97,,,pln,,ryż biały długoziarnisty,False,False,,,kilogram,3.8,1,0,spożywcze,False,,False,
biedronka,2024-05-08,26.97,,,pln,,mąka tortowa,False,False,,,kilogram,2.29,1,0,spożywcze,False,,False,
biedronka,2024-05-08,26.97,,,pln,,filet z kurczaka wędlina,False,False,,,gram,3.89,100,0.9,spożywcze,False,,False,
biedronka,2024-05-08,26.97,,,pln,,filet z kurczaka wędlina,False,False,,,gram,3.89,1,0.9,spożywcze,False,,False,
biedronka,2024-05-08,26.97,,,pln,,soda oczyszczona,False,False,,,gram,1.09,70,0,spożywcze,False,,False,
biedronka,2024-05-08,26.97,,,pln,,majonez go vege,False,False,,,gram,3.89,280,0,spożywcze,False,,False,
biedronka,2024-05-08,26.97,,,pln,,kostka rosołowa culineo,False,False,,,gram,2.09,120,0,spożywcze,False,,False,
biedronka,2024-05-08,26.97,,,pln,,banany,False,False,,,kilogram,3.6,0.515,2.13,spożywcze,False,,False,
biedronka,2024-05-20,48.95,,,pln,,napój energetyczy be power,False,False,,,litr,3.19,0.5,0,spożywcze,False,,False,
biedronka,2024-05-20,48.95,,,pln,,śmietana 18% mleczna dolina,False,False,,,gram,3.19,330,0,spożywcze,False,,False,
biedronka,2024-05-20,48.95,,,pln,,serek kanapkowy,False,False,,,gram,3.74,150,0,spożywcze,False,,False,
biedronka,2024-05-20,48.95,,,pln,,pasta do zębów colgate,False,False,,,mililitr,7.99,75,0,higiena i kosmetyki,False,,False,
biedronka,2024-05-20,48.95,,,pln,,pasta do zębów colgate,False,False,,,mililitr,7.99,75,0,higiena i kosmetyki,False,,False,
biedronka,2024-05-20,48.95,,,pln,,pomidory w puszce,False,False,,,gram,2.99,240,0,spożywcze,False,,False,
biedronka,2024-05-20,48.95,,,pln,,pomidory w puszce,False,False,,,gram,2.99,240,0,spożywcze,False,,False,
biedronka,2024-05-20,48.95,,,pln,,"kefir 1,5%",False,False,,,gram,2.39,400,0,spożywcze,False,,False,
biedronka,2024-05-20,48.95,,,pln,,cytryna,False,False,,,kilogram,1.33,0.19,0,spożywcze,False,,False,
biedronka,2024-05-20,48.95,,,pln,,sól,False,False,,,kilogram,1.79,1,0,spożywcze,False,,False,
biedronka,2024-05-20,48.95,,,pln,,czosnek,False,False,,,sztuka,1.98,1,0,spożywcze,False,,False,
biedronka,2024-05-20,48.95,,,pln,,cebula żółta,False,False,,,kilogram,1.3,0.335,0.3,spożywcze,False,,False,
biedronka,2024-05-20,48.95,,,pln,,chleb pasterski ręcznie zawijany,False,False,,,sztuka,4.19,1,0,spożywcze,False,,False,
biedronka,2024-05-20,48.95,,,pln,,tortilla,False,False,,,gram,4.19,306,0,spożywcze,False,,False,
biedronka,2024-05-12,73.66,,,pln,,płyn micelarny evelina kosmetyczna,False,False,,,mililitr,23.99,750,0,higiena i kosmetyki,False,,False,
biedronka,2024-05-12,73.66,,,pln,,bułka grahamka,False,False,,,sztuka,0.79,1,0,spożywcze,False,,False,
biedronka,2024-05-12,73.66,,,pln,,bułka grahamka,False,False,,,sztuka,0.79,1,0,spożywcze,False,,False,
biedronka,2024-05-12,73.66,,,pln,,masło,False,False,,,gram,7.49,200,0,spożywcze,False,,False,
biedronka,2024-05-12,73.66,,,pln,,żelki kółka,False,False,,,gram,4.39,200,0,spożywcze,False,,False,
biedronka,2024-05-12,73.66,,,pln,,czekolada mleczno-gorzka wedel,False,False,,,gram,4.49,80,0,spożywcze,False,,False,
biedronka,2024-05-12,73.66,,,pln,,czekolada gorzka wedel,False,False,,,gram,4.49,90,0,spożywcze,False,,False,
biedronka,2024-05-12,73.66,,,pln,,czekolada gorzka wedel,False,False,,,gram,4.49,90,0,spożywcze,False,,False,
biedronka,2024-05-12,73.66,,,pln,,nektarynki,False,False,,,kilogram,7.82,0.46,5.06,spożywcze,False,,False,
biedronka,2024-05-12,73.66,,,pln,,lakier do baznokci brzoskwiniowy,False,False,,,mililitr,12.99,5,0,higiena i kosmetyki,False,,False,
biedronka,2024-05-12,73.66,,,pln,,kakao magnetic,False,False,,,gram,6.99,200,0,spożywcze,False,,False,
lidl,2024-08-12,22.55,,,pln,,filet z kurczaka wędlina,False,False,,,gram,2.99,75,0.9,spożywcze,False,,False,
lidl,2024-08-12,22.55,,,pln,,filet z kurczaka wędlina,False,False,,,gram,2.99,75,0.9,spożywcze,False,,False,
lidl,2024-08-12,22.55,,,pln,,sałata lodowa,False,False,,,sztuka,3.99,1,0,spożywcze,False,,False,
lidl,2024-08-12,22.55,,,pln,,zupka chińska vifon,False,False,,,gram,0.8,70,0,spożywcze,False,,False,
lidl,2024-08-12,22.55,,,pln,,zupka chińska vifon,False,False,,,gram,0.8,70,0,spożywcze,False,,False,
lidl,2024-08-12,22.55,,,pln,,zupka chińska vifon,False,False,,,gram,0.8,70,0,spożywcze,False,,False,
lidl,2024-08-12,22.55,,,pln,,zupka chińska vifon,False,False,,,gram,0.8,70,0,spożywcze,False,,False,
lidl,2024-08-12,22.55,,,pln,,kabanosy tarczyński premium,False,False,,,gram,4.99,90,0,spożywcze,False,,False,
lidl,2024-08-12,22.55,,,pln,,chleb włoski,False,False,,,sztuka,4.19,1,0,spożywcze,False,,False,
lidl,2024-08-12,22.55,,,pln,,ogórki szklarniowe,False,False,,,kilogram,2.0,0.2,0,spożywcze,False,,False,
biedronka,2024-08-12,8.66,,,pln,,napój izotoniczny 4move,False,False,,,litr,2.99,0.75,0,spożywcze,False,,False,
biedronka,2024-08-12,8.66,,,pln,,cukierki mentos,False,False,,,gram,4.99,76,0,spożywcze,False,,False,
biedronka,2024-08-12,8.66,,,pln,,marchew,False,False,,,kilogram,0.97,0.195,0.29,spożywcze,False,,False,
biedronka,2024-08-13,10.48,,,pln,,cukierki karmelki owocowe,False,False,,,gram,6.99,300,0,spożywcze,False,,False,
biedronka,2024-08-13,10.48,,,pln,,landrynki lodowe,False,False,,,gram,3.49,150,0,spożywcze,False,,False,
żabka,2024-08-13,9.98,,,pln,,napój energetyczy monster,False,False,,,litr,4.99,0.5,0,spożywcze,False,,False,
żabka,2024-08-13,9.98,,,pln,,napój energetyczy monster,False,False,,,litr,4.99,0.5,0,spożywcze,False,,False,
biedronka,2024-08-14,29.61,,,pln,,kabanosy tarczyński,False,False,,,gram,4.99,90,0,spożywcze,False,,False,
biedronka,2024-08-14,29.61,,,pln,,chipsy topchips w tubie,False,False,,,gram,4.99,100,0,spożywcze,False,,False,
biedronka,2024-08-14,29.61,,,pln,,kostka do wc agent max,False,False,,,sztuka (x3),9.99,1,0,środki czystości,False,,False,
biedronka,2024-08-14,29.61,,,pln,,półbagietka,False,False,,,sztuka,1.25,1,0,spożywcze,False,,False,
biedronka,2024-08-14,29.61,,,pln,,cheeseburger yeemy,False,False,,,gram,8.39,190,0,spożywcze,False,,False,
action,2024-08-16,18.97,,,pln,,środek nabłyszczający do zmywarki,False,False,,,mililitr,5.49,1000,0,środki czystości,False,,False,
action,2024-08-16,18.97,,,pln,,napój herbaciany arizona,False,False,,,mililitr,3.99,50,0,spożywcze,False,,False,
action,2024-08-16,18.97,,,pln,,żel pod prysznic,False,False,,,mililitr,9.49,750,0,higiena i kosmetyki,False,,False,
mediaexpert,2024-08-16,119.0,,,pln,,plecak na plecak,False,False,,,sztuka,119.0,1,0,elektronika,False,,False,
lidl,2024-08-16,101.03,,,pln,,woda mineralna,False,False,,,litr,20.28,18,7.36,spożywcze,False,,False,
lidl,2024-08-16,101.03,,,pln,,lód rożek,False,False,,,mililitr,1.29,120,1.28,spożywcze,False,,False,
lidl,2024-08-16,101.03,,,pln,,lód rożek,False,False,,,mililitr,1.29,120,1.28,spożywcze,False,,False,
lidl,2024-08-16,101.03,,,pln,,nektarynki,False,False,,,kilogram,3.91,0.326,2.31,spożywcze,False,,False,
lidl,2024-08-16,101.03,,,pln,,filet z piersi kurczaka,False,False,,,kilogram,10.64,0.56,0.96,spożywcze,False,,False,
lidl,2024-08-16,101.03,,,pln,,filet z piersi kurczaka,False,False,,,kilogram,10.17,0.535,0.92,spożywcze,False,,False,
lidl,2024-08-16,101.03,,,pln,,ser twardy,False,False,,,gram,8.49,150,0.76,spożywcze,False,,False,
lidl,2024-08-16,101.03,,,pln,,por,False,False,,,kilogram,6.54,0.385,1.18,spożywcze,False,,False,
lidl,2024-08-16,101.03,,,pln,,płatki musli,False,False,,,gram,5.99,350,1.09,spożywcze,False,,False,
lidl,2024-08-16,101.03,,,pln,,napój energetyczy monster,False,False,,,mililitr,4.99,500,0.45,spożywcze,False,,False,
lidl,2024-08-16,101.03,,,pln,,patyczki do uszu,False,False,,,sztuka (x300),4.79,1,0.43,higiena i kosmetyki,False,,False,
lidl,2024-08-16,101.03,,,pln,,bio napój owsiany,False,False,,,litr,4.46,1,0.4,spożywcze,False,,False,
lidl,2024-08-16,101.03,,,pln,,antyperperant w kulce,False,False,,,mililitr,4.49,50,0.4,higiena i kosmetyki,False,,False,
lidl,2024-08-16,101.03,,,pln,,chusteczki higieniczne,False,False,,,sztuka,4.29,1,0.39,higiena i kosmetyki,False,,False,
lidl,2024-08-16,101.03,,,pln,,chusteczki kosmetyczne,False,False,,,sztuka (x150),3.99,1,0.36,higiena i kosmetyki,False,,False,
lidl,2024-08-16,101.03,,,pln,,śmietana 18%,False,False,,,gram,3.86,400,0.35,spożywcze,False,,False,
lidl,2024-08-16,101.03,,,pln,,worki na śmieci 25l,False,False,,,sztuka (x30),3.69,1,0.33,środki czystości,False,,False,
lidl,2024-08-16,101.03,,,pln,,lód rożek,False,False,,,mililitr,1.79,120,0.16,spożywcze,False,,False,
lidl,2024-08-16,101.03,,,pln,,lód rożek,False,False,,,mililitr,1.79,120,0.16,spożywcze,False,,False,
lidl,2024-08-16,101.03,,,pln,,"mlekouht 0,5%",False,False,,,litr,3.14,1,0.28,spożywcze,False,,False,
lidl,2024-08-16,101.03,,,pln,,chleb tostowy pszenny,False,False,,,kilogram,2.99,500,0.27,spożywcze,False,,False,
lidl,2024-08-16,101.03,,,pln,,filet z kurczaka wędlina,False,False,,,gram,2.99,75,0.27,spożywcze,False,,False,
lidl,2024-08-16,101.03,,,pln,,filet z kurczaka wędlina,False,False,,,gram,2.99,75,0.27,spożywcze,False,,False,
lidl,2024-08-16,101.03,,,pln,,guma do żucia 21szt,False,False,,,gram,1.75,29,0.16,spożywcze,False,,False,
lidl,2024-08-16,101.03,,,pln,,zupka chińska vifon,False,False,,,gram,1.49,70,0.13,spożywcze,False,,False,
lidl,2024-08-16,101.03,,,pln,,reklamówka,False,False,,,sztuka,0.79,1,0.07,inne,False,,False,
lidl,2024-08-16,101.03,,,pln,,marchew młoda,False,False,,,kilogram,0.21,0.106,0.04,spożywcze,False,,False,
szefito papito kebab,2024-08-16,48.0,,,pln,,kebab średni,False,False,,,sztuka,23.0,1,0,spożywcze,False,,False,
szefito papito kebab,2024-08-16,48.0,,,pln,,kebab średni,False,False,,,sztuka,23.0,1,0,spożywcze,False,,False,
szefito papito kebab,2024-08-16,48.0,,,pln,,opakowanie,False,False,,,sztuka,1.0,1,0,inne,False,,False,
szefito papito kebab,2024-08-16,48.0,,,pln,,opakowanie,False,False,,,sztuka,1.0,1,0,inne,False,,False,
stokrotka,2024-08-17,16.78,,,pln,,chrupki star mr snaki,False,False,,,gram,6.99,125,0,spożywcze,False,,False,
stokrotka,2024-08-17,16.78,,,pln,,prezerwatywy durex,False,False,,,sztuka (x3),9.79,1,0,higiena i kosmetyki,False,,False,
biedronka,2024-08-17,21.77,,,pln,,olej kujawski,False,False,,,litr,9.49,1,0,spożywcze,False,,False,
biedronka,2024-08-17,21.77,,,pln,,bułka śniadaniowa pełnoziarnista,False,False,,,sztuka,1.25,1,0,spożywcze,False,,False,
biedronka,2024-08-17,21.77,,,pln,,bułka śniadaniowa pełnoziarnista,False,False,,,sztuka,1.25,1,0,spożywcze,False,,False,
biedronka,2024-08-17,21.77,,,pln,,cola oryginal zero,False,False,,,litr,3.99,1.5,1.0,spożywcze,False,,False,
biedronka,2024-08-17,21.77,,,pln,,cola oryginal zero,False,False,,,litr,3.99,1.5,1.0,spożywcze,False,,False,
biedronka,2024-08-17,21.77,,,pln,,brzoskwinie,False,False,,,kilogram,4.51,0.475,1.19,spożywcze,False,,False,
biedronka,2024-08-17,21.77,,,pln,,banany,False,False,,,kilogram,1.12,0.16,0.64,spożywcze,False,,False,
żabka,2024-08-18,6.99,,,pln,,napój energetyczy dzik,False,False,,,litr,6.99,0.5,0,spożywcze,False,,False,
circle k,2024-08-19,227.73,,,pln,,benzyna 95pb,False,False,,,litr,227.73,36.79,0,transport,False,,False,
lidl,2024-08-19,34.73,,,pln,,pasta do zębów colgate whitening,False,False,,,mililitr,9.99,75,2.5,higiena i kosmetyki,False,,False,
lidl,2024-08-19,34.73,,,pln,,pasta do zębów colgate whitening,False,False,,,mililitr,9.99,75,2.5,higiena i kosmetyki,False,,False,
lidl,2024-08-19,34.73,,,pln,,guma do żucia 21szt,False,False,,,gram,3.99,29,0,spożywcze,False,,False,
lidl,2024-08-19,34.73,,,pln,,serek kanapkowy,False,False,,,gram,3.74,150,0,spożywcze,False,,False,
lidl,2024-08-19,34.73,,,pln,,pomidory malinowe,False,False,,,kilogram,1.84,0.184,0,spożywcze,False,,False,
lidl,2024-08-19,34.73,,,pln,,sałata lodowa,False,False,,,gram,5.99,400,0,spożywcze,False,,False,
lidl,2024-08-19,34.73,,,pln,,chleb włoski,False,False,,,sztuka,4.19,1,0,spożywcze,False,,False,
apteka orchis,2024-08-19,7.99,,,pln,,allefin allergy,False,False,,,sztuka (x10),7.99,1,0,zdrowie,False,,False,
lidl,2024-08-20,36.5,,,pln,,chrupki serowe snack day,False,False,,,gram,8.99,300,0.9,spożywcze,False,,False,
lidl,2024-08-20,36.5,,,pln,,chrupki serowe snack day,False,False,,,gram,8.99,300,0.9,spożywcze,False,,False,
lidl,2024-08-20,36.5,,,pln,,płatki musli,False,False,,,gram,5.99,350,0.6,spożywcze,False,,False,
lidl,2024-08-20,36.5,,,pln,,ogórki gruntowe,False,False,,,kilogram,1.38,0.138,0.14,spożywcze,False,,False,
lidl,2024-08-20,36.5,,,pln,,przyprawa kebab-gyros,False,False,,,gram,1.19,30,0.12,spożywcze,False,,False,
lidl,2024-08-20,36.5,,,pln,,jabłka czerwone,False,False,,,kilogram,0.76,0.19,0.08,spożywcze,False,,False,
lidl,2024-08-20,36.5,,,pln,,mięso z nogi kurczaka,False,False,,,kilogram,10.9,0.496,0,spożywcze,False,,False,
lidl,2024-08-20,36.5,,,pln,,jogurt naturalny,False,False,,,gram,1.04,200,0,spożywcze,False,,False,
piekarnia bochenek,2024-08-22,9.0,,Adama Bochenka 10/4 30-693 Kraków,pln,,rogal z czekoladą,False,False,,,sztuka,4.5,1,0,spożywcze,False,,False,
piekarnia bochenek,2024-08-22,9.0,,Adama Bochenka 10/4 30-693 Kraków,pln,,rogal z czekoladą,False,False,,,sztuka,4.5,1,0,spożywcze,False,,False,
piekarnia bochenek,2024-08-23,9.0,,Adama Bochenka 10/4 30-693 Kraków,pln,,mini pizza,False,False,,,sztuka,4.5,1,0,spożywcze,False,,False,
piekarnia bochenek,2024-08-23,9.0,,Adama Bochenka 10/4 30-693 Kraków,pln,,mini pizza,False,False,,,sztuka,4.5,1,0,spożywcze,False,,False,
lidl,2024-08-21,21.95,,Witosa 4 30-612 Kraków,pln,,ser carski,False,False,,,gram,7.93,250,2.94,spożywcze,False,,False,
lidl,2024-08-21,21.95,,Witosa 4 30-612 Kraków,pln,,ser carski,False,False,,,gram,7.93,250,2.94,spożywcze,False,,False,
lidl,2024-08-21,21.95,,Witosa 4 30-612 Kraków,pln,,płatki musli,False,False,,,gram,5.99,350,0,spożywcze,False,,False,
lidl,2024-08-21,21.95,,Witosa 4 30-612 Kraków,pln,,filet z kurczaka wędlina,False,False,,,gram,2.99,75,0,spożywcze,False,,False,
lidl,2024-08-21,21.95,,Witosa 4 30-612 Kraków,pln,,filet z kurczaka wędlina,False,False,,,gram,2.99,75,0,spożywcze,False,,False,
żabka,2024-08-21,11.8,,Adama Bochenka 10/3 30-693 Kraków,pln,,napój energetyczy monster,False,False,,,litr,6.99,0.5,1.09,spożywcze,False,,False,
żabka,2024-08-21,11.8,,Adama Bochenka 10/3 30-693 Kraków,pln,,napój energetyczy monster,False,False,,,litr,6.99,0.5,1.09,spożywcze,False,,False,
good lood,2024-08-22,8.0,,Wincentego Witosa 19A 30-612 Kraków,pln,,gałka lodów o smaku ciasteczek korzennych,False,False,,,sztuka,8.0,1,0,bilety i wyjścia z domu,False,,False,
kebab pod 13,2024-08-25,58.0,,"pl. Wolnica 13, 31-060 Kraków",pln,,kebab lawasz kurczak,False,False,,,sztuka,28.0,1,0,bilety i wyjścia z domu,False,,False,
kebab pod 13,2024-08-25,58.0,,"pl. Wolnica 13, 31-060 Kraków",pln,,kebab lawasz kurczak + jagnięcina,False,False,,,sztuka,30.0,1,0,bilety i wyjścia z domu,False,,False,
carrefour,2024-08-25,9.35,,"Podgórska 34, 31-536 Kraków",pln,,Starbucks Skinny Latte Mleczny Napój kawowy,False,False,,,mililitr,9.35,220,0,bilety i wyjścia z domu,False,,False,
rossmann,2024-08-24,5.49,,Stanisława Stojałowskiego 6 30-611 Kraków,pln,,płyn do mycia szyb (uzupełniacz) domol,False,False,,,mililitr,5.49,750,0,środki czystości,False,,False,
Nowohuckie centrum kultury,2024-08-11,30.0,,al. Jana Pawła II 232 31-913 Kraków,pln,,bilet wstępu na wystawe Beksiński,False,False,,,sztuka,15.0,1,0,bilety i wyjścia z domu,False,,False,
Nowohuckie centrum kultury,2024-08-11,30.0,,al. Jana Pawła II 232 31-913 Kraków,pln,,bilet wstępu na wystawe Beksiński,False,False,,,sztuka,15.0,1,0,bilety i wyjścia z domu,False,,False,
biedronka,2024-08-26,4.49,,Łużycka 43F 30-693 Kraków,pln,,cola oryginal zero,False,False,,,litra,4.49,1.5,0,spożywcze,False,,False,
rossmann,2024-08-24,24.47,,Wysłouchów 41 a 30-611 Kraków,pln,,żel pod prysznic isana,False,False,,,mililitr,4.69,300,1.7,higiena i kosmetyki,False,,False,
rossmann,2024-08-24,24.47,,Wysłouchów 41 a 30-611 Kraków,pln,,antyperperant w kulce adidas,False,False,,,mililitr,12.99,50,3.0,higiena i kosmetyki,False,,False,
rossmann,2024-08-24,24.47,,Wysłouchów 41 a 30-611 Kraków,pln,,żel do golenia isana,False,False,,,mililitr,11.49,200,0,higiena i kosmetyki,False,,False,
pepco,2024-08-22,9.0,,Stojalowskiego 6 Kraków 30-601,pln,,spinki do włosów,False,False,,,sztuka,2.0,1,0,ubrania i garderoba,False,,False,
pepco,2024-08-22,9.0,,Stojalowskiego 6 Kraków 30-601,pln,,baterie paluszki aa,False,False,,,sztuka (x8),5.0,1,0,elektronika,False,,False,
pepco,2024-08-22,9.0,,Stojalowskiego 6 Kraków 30-601,pln,,magiczna gąbka,False,False,,,sztuka (x2),2.0,1,0,środki czystości,False,,False,
KFC,2024-08-24,68.97,,Puszkarska 9 Kraków 30-644,pln,,sos kentucky gold,False,False,,,sztuka,2.49,1,0,spożywcze z dostawą,False,,True,https://www.ubereats.com/pl
KFC,2024-08-24,68.97,,Puszkarska 9 Kraków 30-644,pln,,sos kentucky gold,False,False,,,sztuka,2.49,1,0,spożywcze z dostawą,False,,True,https://www.ubereats.com/pl
KFC,2024-08-24,68.97,,Puszkarska 9 Kraków 30-644,pln,,kubełek opakowanie,False,False,,,sztuka,0.27,1,0,spożywcze z dostawą,False,,True,https://www.ubereats.com/pl
KFC,2024-08-24,68.97,,Puszkarska 9 Kraków 30-644,pln,,11 strips,False,False,,,sztuka,36.0,1,0,spożywcze z dostawą,False,,True,https://www.ubereats.com/pl
KFC,2024-08-24,68.97,,Puszkarska 9 Kraków 30-644,pln,,11 hot wings,False,False,,,sztuka,27.72,1,0,spożywcze z dostawą,False,,True,https://www.ubereats.com/pl
rossmann,2024-08-22,47.97,,Stanisława Stojałowskiego 6 30-611 Kraków,pln,,pianka do golenia venus,False,False,,,mililitr,9.99,200,3.0,higiena i kosmetyki,False,,False,
rossmann,2024-08-22,47.97,,Stanisława Stojałowskiego 6 30-611 Kraków,pln,,eveline liquid korektor,False,False,,,mililitr,25.99,7,8.5,higiena i kosmetyki,False,,False,
rossmann,2024-08-22,47.97,,Stanisława Stojałowskiego 6 30-611 Kraków,pln,,maybeline tusz do rzęs,False,False,,,mililitr,42.99,9.5,19.5,higiena i kosmetyki,False,,False,
żabka,2024-08-29,9.98,,Adama Bochenka 10/3 30-693 Kraków,pln,,napój energetyczy monster,False,False,,,mililitr,4.99,500,0,spożywcze,False,,False,
żabka,2024-08-29,9.98,,Adama Bochenka 10/3 30-693 Kraków,pln,,napój energetyczy monster,False,False,,,mililitr,4.99,500,0,spożywcze,False,,False,
żabka,2024-08-30,9.98,,Adama Bochenka 10/3 30-693 Kraków,pln,,napój energetyczy monster,False,False,,,mililitr,4.99,500,0,spożywcze,False,,False,
żabka,2024-08-30,9.98,,Adama Bochenka 10/3 30-693 Kraków,pln,,napój energetyczy monster,False,False,,,mililitr,4.99,500,0,spożywcze,False,,False,
